text,dict_syn
Magicians ain’t,"['SOB', 'jack', 'diddly-squat', 'darn', 'diddlyshit']"
Magicians ain’t shit unless they’re doing,"['magic', 'thaumaturgy', 'magic_trick', 'conjuring_trick', 'trick', 'legerdemain', 'conjuration', 'illusion', 'deception']"
56:10 lmaooo this,"['interview', 'consultation', 'audience']"
Whoa they finally let Syama Pedersen,"['cook', 'Cook', 'James_Cook', 'Captain_Cook', 'Captain_James_Cook']"
Whoa they finally let Syama Pedersen cook I thought this would never come out ever since Syama went back to,"['freelancer', 'freelance', 'free-lance', 'free_lance', 'independent', 'self-employed_person']"
Whoa they finally let Syama Pedersen cook I thought this would never come out ever since Syama went back to freelance,"['body_of_work', 'study', 'work', 'piece_of_work', 'workplace']"
Whoa they finally let Syama Pedersen cook I thought this would never come out ever since Syama went back to freelance work. I guess they repaired their,"['relationship', 'human_relationship', 'kinship', 'family_relationship']"
Whoa they finally let Syama Pedersen cook I thought this would never come out ever since Syama went back to freelance work. I guess they repaired their relationship during secret,"['grade', 'tier', 'storey', 'stage', 'level']"
Whoa they finally let Syama Pedersen cook I thought this would never come out ever since Syama went back to freelance work. I guess they repaired their relationship during secret level and finally gave my,"['human', 'serviceman', 'human_being', 'man']"
Whoa they finally let Syama Pedersen cook I thought this would never come out ever since Syama went back to freelance work. I guess they repaired their relationship during secret level and finally gave my man some,['budget']
How you have 100,"['twain', 'twosome', 'duet', 'couplet', 'distich', 'couple', 'span', 'brace', 'duo']"
How you have 100 pairs of swimshorts but never been in the,"['ocean', 'sea']"
The,"['gibe', 'jibe', 'shaft', 'guesswork', 'blastoff']"
The shot of the Predator rolling down the,"['road', 'route']"
The shot of the Predator rolling down the road - GW! Tracks always beat hover,"['tankful', 'storage_tank', 'tank_car', 'tank']"
I love how Katt loves the,"['bicycle', 'bike', 'wheel', 'cycle']"
I love how Katt loves the bicycle,"['tale', 'taradiddle', 'chronicle', 'floor', 'story', 'news_report', 'tarradiddle', 'history']"
I love how Katt loves the bicycle story. Its embellished but Theo embellishes it to make it kinda ridculous with the,"['bike', 'cycle']"
I love how Katt loves the bicycle story. Its embellished but Theo embellishes it to make it kinda ridculous with the bicycles. But then Katt clarifies and its even more ridiculous because there is a million,"['dollar_bill', 'one_dollar_bill', 'dollar_mark']"
I love how Katt loves the bicycle story. Its embellished but Theo embellishes it to make it kinda ridculous with the bicycles. But then Katt clarifies and its even more ridiculous because there is a million dollars worth of 3,"['Sir_Robert_Eric_Mortimer_Wheeler', 'bicyclist']"
I love how Katt loves the bicycle story. Its embellished but Theo embellishes it to make it kinda ridculous with the bicycles. But then Katt clarifies and its even more ridiculous because there is a million dollars worth of 3 wheelers with crazy,"['light', 'lighter', 'Light', 'igniter', 'luminousness', 'light_source', 'illumination', 'visible_radiation', 'lighting']"
I love how Katt loves the bicycle story. Its embellished but Theo embellishes it to make it kinda ridculous with the bicycles. But then Katt clarifies and its even more ridiculous because there is a million dollars worth of 3 wheelers with crazy lights and,"['dump', 'darn', 'diddlysquat', 'doodly-squat', 'poop']"
He collected the live,"['1', 'one', 'single', 'unity', 'ace']"
It seems that,"['person', 'individual', 'someone', 'somebody', 'mortal', 'soul']"
This,"['interview', 'consultation', 'audience']"
This interview Rachael expressed and described her,"['relationship', 'human_relationship', 'kinship', 'family_relationship']"
This interview Rachael expressed and described her relationship with Matt in a healthy,"['way_of_life', 'path', 'manner', 'agency', 'means', 'mode', 'elbow_room', 'room', 'fashion']"
This interview Rachael expressed and described her relationship with Matt in a healthy way. In 2025 on social,"['medium', 'mass_medium', 'spiritualist']"
This interview Rachael expressed and described her relationship with Matt in a healthy way. In 2025 on social media when,"['distich', 'couple', 'span']"
This interview Rachael expressed and described her relationship with Matt in a healthy way. In 2025 on social media when couples break up it is extremely toxic almost makes you question if they ever loved each other. She expressed her,"['opinion', 'flavour', 'belief', 'touch', 'feel']"
This interview Rachael expressed and described her relationship with Matt in a healthy way. In 2025 on social media when couples break up it is extremely toxic almost makes you question if they ever loved each other. She expressed her feelings,['insecurity']
This interview Rachael expressed and described her relationship with Matt in a healthy way. In 2025 on social media when couples break up it is extremely toxic almost makes you question if they ever loved each other. She expressed her feelings insecurities,"['manifestation', 'musing', 'thoughtfulness', 'expression']"
This interview Rachael expressed and described her relationship with Matt in a healthy way. In 2025 on social media when couples break up it is extremely toxic almost makes you question if they ever loved each other. She expressed her feelings insecurities reflection of their whole,"['tenure', 'term_of_office', 'incumbency', 'land_tenure']"
This interview Rachael expressed and described her,"['relationship', 'human_relationship', 'kinship', 'family_relationship']"
This interview Rachael expressed and described her relationship with Matt in a healthy way. In 2025 on social media when couples break up it is extremely toxic almost makes you question if they ever loved each other. She expressed her feelings insecurities reflection of their whole tenure of their relationship.. etc. no,"['ego', 'egotism', 'self-importance', 'self']"
This interview Rachael expressed and described her relationship with Matt in a healthy way. In 2025 on social media when couples break up it is extremely toxic almost makes you question if they ever loved each other. She expressed her feelings insecurities reflection of their whole tenure of their relationship.. etc. no ego to victim blaming and allowing,"['fourth_dimension', 'time', 'clip', 'meter', 'prison_term']"
This interview Rachael expressed and described her relationship with Matt in a healthy way. In 2025 on social media when couples break up it is extremely toxic almost makes you question if they ever loved each other. She expressed her feelings insecurities reflection of their whole tenure of their relationship.. etc. no ego to victim blaming and allowing time to show if it was meant to be. Matt has a,"['deal', 'portion', 'pot', 'pile', 'good_deal']"
This interview Rachael expressed and described her relationship with Matt in a healthy way. In 2025 on social media when couples break up it is extremely toxic almost makes you question if they ever loved each other. She expressed her feelings insecurities reflection of their whole tenure of their relationship.. etc. no ego to victim blaming and allowing time to show if it was meant to be. Matt has a lot of,"['area', 'arena', 'domain', 'expanse', 'region']"
This interview Rachael expressed and described her relationship with Matt in a healthy way. In 2025 on social media when couples break up it is extremely toxic almost makes you question if they ever loved each other. She expressed her feelings insecurities reflection of their whole tenure of their relationship.. etc. no ego to victim blaming and allowing time to show if it was meant to be. Matt has a lot of areas to grow as a,"['Isle_of_Man', ""gentleman's_gentleman"", 'adult_male', 'homo', 'humankind', 'human_race']"
This interview Rachael expressed and described her relationship with Matt in a healthy way. In 2025 on social media when couples break up it is extremely toxic almost makes you question if they ever loved each other. She expressed her feelings insecurities reflection of their whole tenure of their relationship.. etc. no ego to victim blaming and allowing time to show if it was meant to be. Matt has a lot of areas to grow as a man. Watching the Bachelor you want to see the happily ever after but the,"['world', 'reality', 'realness', 'realism']"
This interview Rachael expressed and described her relationship with Matt in a healthy way. In 2025 on social media when couples break up it is extremely toxic almost makes you question if they ever loved each other. She expressed her feelings insecurities reflection of their whole tenure of their relationship.. etc. no ego to victim blaming and allowing time to show if it was meant to be. Matt has a lot of areas to grow as a man. Watching the Bachelor you want to see the happily ever after but the reality of real,"['life', 'lifespan', 'life_sentence', 'living', 'life-time']"
This interview Rachael expressed and described her relationship with Matt in a healthy way. In 2025 on social media when couples break up it is extremely toxic almost makes you question if they ever loved each other. She expressed her feelings insecurities reflection of their whole tenure of their relationship.. etc. no ego to victim blaming and allowing time to show if it was meant to be. Matt has a lot of areas to grow as a man. Watching the Bachelor you want to see the happily ever after but the reality of real life plays a,"['function', 'office', 'part', 'role', 'character', 'theatrical_role', 'persona', 'purpose', 'use']"
This interview Rachael expressed and described her relationship with Matt in a healthy way. In 2025 on social media when,"['brace', 'twain', 'mates', 'couplet', 'yoke']"
This interview Rachael expressed and described her relationship with Matt in a healthy way. In 2025 on social media when couples break up it is extremely toxic almost makes you question if they ever loved each other. She expressed her feelings insecurities reflection of their whole tenure of their relationship.. etc. no ego to victim blaming and allowing time to,"['show', 'display', 'appearance']"
This interview Rachael expressed and described her relationship with Matt in a healthy way. In 2025 on social media when couples break up it is extremely toxic almost makes you question if they ever,"['passion', 'beloved', 'sexual_love', 'dear', 'dearest', 'making_love', 'love_life', 'erotic_love', 'love']"
@jms15: I’ve never felt seen more than when she said she felt like it’s her,"['flaw', 'faulting', 'geological_fault', 'demerit', 'shift', 'mistake']"
@jms15: I’ve never felt seen more than when she said she felt like it’s her fault the,"['restaurant', 'eating_house', 'eating_place', 'eatery']"
@jms15: I’ve never felt seen more than when she said she felt like it’s her fault the restaurant was a,"['disappointment', 'letdown', 'dashing_hopes']"
@jms15: I’ve never felt seen more than when she said she felt like it’s her fault the restaurant was a disappointment. Why do I feel guilty when,"['food', 'nutrient', 'solid_food', 'food_for_thought', 'intellectual_nourishment']"
@jms15: I’ve never felt seen more than when she said she felt like it’s her fault the restaurant was a disappointment. Why do I feel guilty when food is bad and it’s a,"['office', 'blank_space', 'home', 'seat']"
Imagine Theo saying,"['helium', 'He', 'atomic_number_2', 'he']"
Imagine Theo saying,['he']
Give this,"['guy_wire', 'guy_rope', 'Guy', 'guy_cable', 'cat']"
Give this guy a,"['studio', 'studio_apartment']"
It kills me to see me heroes smoking what killed my,"['granddad', 'grandfather', 'gramps']"
Praise God and bless both these,"['guy_cable', 'cat', 'Guy', 'hombre']"
I need to see a charging Night Lords,"['exterminator', 'terminator', 'eradicator']"
I told myself i would be doin this,"['consequence', 'event', 'effect', 'upshot', 'outcome', 'result']"
I told myself i would be doin this event last,"['year', 'twelvemonth', 'yr', 'class']"
How brilliant its original,"['blank', 'quad', 'place', 'outer_space', 'distance', 'space', 'blank_space']"
How brilliant its original space,"['Marine', 'Marines', 'leatherneck', 'devil_dog', 'shipboard_soldier']"
First,"['clip', 'sentence', 'clock_time', 'metre', 'time']"
She felt insecure because he made her,"['feel', 'flavour', 'look', 'tactile_property', 'tone', 'feeling', 'flavor']"
She felt insecure because he made her feel that,"['manner', 'means', 'path', 'fashion', 'way_of_life', 'agency']"
She felt insecure because he made her feel that way right from the,"['starting_time', 'start', 'get-go', 'beginning', 'scratch_line', 'starting']"
Her continuing to say she feels,"['crazy', 'loony', 'looney', 'nutcase', 'weirdo']"
Her continuing to say she feels crazy or she doesn’t want to sound crazy is giving he was a narcissist…. I hope she gets her,"['assurance', 'self-assurance', 'confidence', 'self-confidence', 'authority', 'sureness', 'trust']"
Her continuing to say she feels crazy or she doesn’t want to sound crazy is giving he was a narcissist…. I hope she gets her confidence and,"['independence', 'independency', 'Independence']"
Her continuing to say she feels crazy or she doesn’t want to sound crazy is giving he was a narcissist…. I hope she gets her confidence and independence back. My,"['mettle', 'substance', 'fondness']"
Her continuing to say she feels crazy or she doesn’t want to sound crazy is giving he was a narcissist…. I hope she gets her confidence and independence back. My heart,"['breach', 'respite', 'falling_out', 'happy_chance', 'suspension', 'faulting']"
Same,"['crap', 'dirt', 'shit', 'shite', 'poop', 'turd']"
Same shite.,"['snake_god', 'zombi_spirit', 'living_dead', 'zombie_spirit', 'zombi', 'automaton']"
Same shite. Zombies is so dead now its such a,"['shame', 'disgrace', 'ignominy', 'pity']"
Same shite. Zombies is so dead now its such a shame. No,"['thing', 'matter', 'issue']"
Same shite. Zombies is so dead now its such a shame. No matter how many cool videos,"['milo', 'milo_maize']"
Same shite. Zombies is so dead now its such a shame. No matter how many cool videos milo makes. Its dead as,['screwing']
You can tell Theo is so nervous with Katt and he wants to do good!! He’s like a little,"['male_child', 'boy', 'son']"
You can tell Theo is so nervous with Katt and he wants to do good!! He’s like a little boy learning from a,"['wise', 'Wise', 'Stephen_Samuel_Wise', 'Isaac_Mayer_Wise']"
You can tell Theo is so nervous with Katt and he wants to do good!! He’s like a little boy learning from a wise,"['gentleman', 'human_beings', 'human', 'adult_male', 'humans']"
No,"['way', 'elbow_room', 'room', 'fashion', 'direction', 'agency']"
No way you stay in Theos podcast and not break,"['fibre', 'role', 'character_reference', 'quality', 'fiber', 'theatrical_role', 'type', 'case']"
No way you stay in Theos podcast and not break character Never seen Katt in an,"['interview', 'consultation', 'audience']"
No way you stay in Theos podcast and not break character Never seen Katt in an interview geniunely laugh multiple,"['meter', 'multiplication', 'prison_term']"
No way you stay in Theos podcast and not break character Never seen Katt in an interview geniunely laugh multiple times in a,"['twosome', 'bridge', 'yoke', 'dyad', 'straddle']"
No way you stay in Theos podcast and not break character Never seen Katt in an interview geniunely laugh multiple times in a span of 2,['hour']
Ok yall,"['rate', 'charge_per_unit', 'pace']"
lmao average soft Fox News,"['witness', 'spectator', 'viewer', 'looker', 'security_guard']"
This was super helpful,['thanks']
Katt is talking so slow you’ve got to watch it on 2x,"['fastness', 'velocity', 'stop_number', 'amphetamine', 'f_number', 'speeding']"
"Maybe he doesnt understand what ""er <mask"" means?","['caput', 'head']"
"Maybe he doesnt understand what ""er capit""","['mean', 'substance', 'agency', 'means', 'mean_value']"
11:12 Say what again,"['Brother', 'crony', 'pal', 'sidekick', 'chum']"
This. Girl. YOU were the,"['wizard', 'ace', 'hotshot', 'maven', 'whizz']"
Do you think Theo really believes its a Katt,['statue']
This is the chillest,"['pod', 'cod', 'seedcase', 'seedpod', 'fuel_pod']"
This is the chillest pod,"['cast_of_characters', 'stamp', 'form', 'plaster_bandage', 'hurl', 'plaster_cast']"
This is the chillest pod cast Ive seen in a,"['while', 'piece', 'spell', 'patch']"
This is the chillest pod cast Ive seen in a while and Im only 10,"['Fukkianese', 'Taiwanese']"
Hell yeah its about,"['time', 'fourth_dimension', 'sentence', 'prison_term', 'clock_time']"
I used up all my anytime,"['moment', 'hour', 'minutes', 'proceedings']"
@kennethpowers8995 The turbo didn’t come with the,"['machine', 'auto', 'motorcar']"
@kennethpowers8995 The turbo didn’t come with the car they bought it from Precision as a reman,"['building_block', 'whole', 'unit_of_measurement']"
@kennethpowers8995 The turbo didn’t come with the car they bought it from Precision as a reman unit paid $700 for it which was the,"['Mary_Leontyne_Price', 'monetary_value', 'cost', 'price', 'toll']"
@kennethpowers8995 The turbo didn’t come with the car they bought it from Precision as a reman unit paid $700 for it which was the price listed at the Precision,"['booth', 'cubicle', 'stall', 'kiosk', 'Booth', 'John_Wilkes_Booth']"
How plugged in does Druski have to be for him to have known Katt knew who Theo was. He said so on his,"['episode', 'installment', 'instalment']"
Weve been eating good these past few,"['days', 'year', 'age', 'eld', 'old_age']"
Thats awesome Theo von is a professional cuz I know,"['He', 'helium', 'he']"
You can do everything on that,"['list', 'listing', 'tilt', 'inclination', 'lean', 'leaning']"
You can do everything on that list of yours in 2025 with no fn,"['sudor', 'swither', 'lather', 'travail', 'exertion']"
You can do everything on that list of yours in 2025 with no fn sweat and your biggest,"['problem', 'job', 'trouble']"
You can do everything on that list of yours in 2025 with no fn sweat and your biggest problem in 2026 is... i got<mask> have a new list,"['tantalum', 'Ta', 'atomic_number_73']"
You can do everything on that,"['list', 'listing', 'tilt', 'inclination', 'lean', 'leaning']"
When he posted that,"['dissolution', 'breakup', 'separation', 'detachment']"
When he,"['stake', 'Emily_Post', 'position', 'station', 'Charles_William_Post', 'Emily_Price_Post']"
When he posted that breakup post it shows he had no,"['consideration', 'circumstance', 'condition', 'considerateness', 'thoughtfulness', 'retainer']"
When he posted that breakup post it shows he had no consideration for her and her,"['opinion', 'feelings', 'belief', 'tactual_sensation', 'intuitive_feeling']"
When he,"['Charles_William_Post', 'Emily_Price_Post', 'military_post', 'berth', 'Wiley_Post', 'Emily_Post']"
When he posted that breakup post it shows he had no consideration for her and her feelings. He clearly was ready to move on. He could’ve made the post a,"['week', 'hebdomad', 'workweek', 'calendar_week']"
When he posted that breakup post it shows he had no consideration for her and her,"['flavour', 'look', 'tactile_property', 'tone', 'spirit', 'feel', 'feeling']"
When he posted that breakup post it shows he had no consideration for her and her feelings. He clearly was ready to move on. He could’ve made the post a week later. Rachel he’s ugly anyways you’re stunning don’t feel bad for feeling,['emotion']
When he posted that breakup post it shows he had no consideration for her and her feelings. He clearly was ready to move on. He could’ve made the post a week later. Rachel he’s ugly anyways you’re stunning don’t feel bad for feeling emotions I’m always a,"['messiness', 'hole', 'mint', 'hatful', 'muddle']"
When he posted that breakup post it shows he had no consideration for her and her feelings. He clearly was ready to move on. He could’ve made the post a week later. Rachel he’s ugly anyways you’re stunning don’t feel bad for feeling emotions I’m always a mess around my bf and he comforts me because he knows I am emotional. You deserve a real,"['piece', 'military_man', 'military_personnel', 'serviceman', 'Isle_of_Man']"
Villainizing,"['Man', 'human_being', 'humankind', 'piece', 'man']"
Villainizing men without hearing their,"['incline', 'side_of_meat', 'face', 'side', 'position', 'slope']"
Villainizing men without hearing their side is wild. Not surprising considering how social,"['sensitive', 'medium', 'spiritualist', 'culture_medium', 'metier']"
Villainizing men without hearing their side is wild. Not surprising considering how social media constantly caters to y’all at our,"['expense', 'disbursal', 'disbursement']"
Just a GOAT hangin around a GOAT! Appreciate you both a,"['short_ton', 'ton', 'net_ton', 'long_ton', 'gross_ton']"
Him saying he was at 200,"['pushup', 'press-up']"
Him saying he was at 200,"['pushup', 'press-up']"
Him saying he was at 200 pushups is just absolutely unbelievable. He 100% did not do 200 pushup. It’s little,"['human_race', 'military_man', ""gentleman's_gentleman"", 'humankind', 'Isle_of_Man', 'serviceman', 'adult_male', 'piece', 'humans']"
Him saying he was at 200 pushups is just absolutely unbelievable. He 100% did not do 200 pushup. It’s little man’s,['syndrome']
Wait a,"['min', 'bit', 'minute', 'hour', 'moment', 'minute_of_arc', 'arcminute']"
Wait a minute.... did Katt just say that he was promised that he wont have to worry about dying? Did he sell his,"['someone', 'individual', 'mortal', 'psyche', 'person', 'soul']"
00:00:00 -,"['innovation', 'origination', 'launching', 'intro', 'creation', 'intromission', 'debut']"
00:00:00 - Introduction to Kat Williams 00:04:30 -,"['belief', 'impression', 'feeling', 'notion', 'opinion']"
00:00:00 - Introduction to Kat Williams 00:04:30 - Beliefs About Heaven 00:09:14 -,"['prison_term', 'clip', 'clock_time', 'time', 'sentence', 'metre', 'fourth_dimension']"
00:00:00 - Introduction to Kat Williams 00:04:30 - Beliefs About Heaven 00:09:14 - Time and Lifes Adventures 00:17:34 -,['overview']
00:00:00 - Introduction to Kat Williams 00:04:30 - Beliefs About Heaven 00:09:14 - Time and Lifes Adventures 00:17:34 - Overview of the New Tour 00:22:52 -,"['injury', 'hurt', 'harm', 'trauma', 'accidental_injury', 'wound', 'combat_injury']"
00:00:00 - Introduction to Kat Williams 00:04:30 - Beliefs About Heaven 00:09:14 - Time and Lifes Adventures 00:17:34 - Overview of the New Tour 00:22:52 - Injury and Recovery Stories 00:29:53 -,"['childhood', 'puerility']"
00:00:00 - Introduction to Kat Williams 00:04:30 - Beliefs About Heaven 00:09:14 - Time and Lifes Adventures 00:17:34 - Overview of the New Tour 00:22:52 - Injury and Recovery Stories 00:29:53 - Childhood Swimming,"['remembering', 'memory_board', 'memory', 'retentivity']"
00:00:00 - Introduction to Kat Williams 00:04:30 - Beliefs About Heaven 00:09:14 - Time and Lifes Adventures 00:17:34 - Overview of the New Tour 00:22:52 - Injury and Recovery Stories 00:29:53 - Childhood Swimming Memories 00:36:04 -,"['impact', 'wallop', 'impingement', 'encroachment', 'shock']"
00:00:00 - Introduction to Kat Williams 00:04:30 - Beliefs About Heaven 00:09:14 - Time and Lifes Adventures 00:17:34 - Overview of the New Tour 00:22:52 - Injury and Recovery Stories 00:29:53 - Childhood Swimming Memories 00:36:04 - Impact of Natural Disasters 00:40:04 - Cultural,"['position', 'view', 'perspective', 'linear_perspective']"
00:00:00 - Introduction to Kat Williams 00:04:30 - Beliefs About Heaven 00:09:14 - Time and Lifes Adventures 00:17:34 - Overview of the New Tour 00:22:52 - Injury and Recovery Stories 00:29:53 - Childhood Swimming Memories 00:36:04 - Impact of Natural Disasters 00:40:04 - Cultural Perspectives on Ethnicity 00:46:10 - Navigating,"['jitteriness', 'jumpiness', 'nervousness', 'restiveness', 'nerves']"
00:00:00 - Introduction to Kat Williams 00:04:30 - Beliefs About Heaven 00:09:14 - Time and,"['liveliness', 'animation', 'lifespan', 'sprightliness', 'biography']"
00:00:00 - Introduction to Kat Williams 00:04:30 - Beliefs About Heaven 00:09:14 - Time and Lifes Adventures 00:17:34 - Overview of the New Tour 00:22:52 - Injury and Recovery Stories 00:29:53 - Childhood Swimming Memories 00:36:04 - Impact of Natural Disasters 00:40:04 - Cultural Perspectives on Ethnicity 00:46:10 - Navigating Nervousness and Risk 00:50:30 - Life as an,['experience']
00:00:00 - Introduction to Kat Williams 00:04:30 - Beliefs About Heaven 00:09:14 - Time and Lifes Adventures 00:17:34 - Overview of the New Tour 00:22:52 - Injury and Recovery Stories 00:29:53 - Childhood Swimming Memories 00:36:04 - Impact of Natural Disasters 00:40:04 - Cultural Perspectives on Ethnicity 00:46:10 - Navigating Nervousness and Risk 00:50:30 - Life as an Experience Not a,"['sentence', 'conviction', 'judgment_of_conviction', 'condemnation', 'prison_term', 'time']"
00:00:00 - Introduction to Kat Williams 00:04:30 - Beliefs About Heaven 00:09:14 - Time and Lifes Adventures 00:17:34 - Overview of the New Tour 00:22:52 - Injury and Recovery Stories 00:29:53 - Childhood Swimming Memories 00:36:04 - Impact of Natural Disasters 00:40:04 - Cultural Perspectives on Ethnicity 00:46:10 - Navigating Nervousness and Risk 00:50:30 - Life as an Experience Not a Sentence 00:57:20 - New,"['venture', 'speculation']"
00:00:00 - Introduction to Kat Williams 00:04:30 - Beliefs About Heaven 00:09:14 - Time and Lifes Adventures 00:17:34 - Overview of the New Tour 00:22:52 - Injury and Recovery Stories 00:29:53 - Childhood Swimming Memories 00:36:04 - Impact of Natural Disasters 00:40:04 - Cultural Perspectives on Ethnicity 00:46:10 - Navigating Nervousness and Risk 00:50:30 - Life as an Experience Not a Sentence 00:57:20 - New Ventures: Military Base Purchase 01:01:53 -,"['labor', 'task', 'project']"
00:00:00 - Introduction to Kat Williams 00:04:30 - Beliefs About Heaven 00:09:14 - Time and Lifes Adventures 00:17:34 - Overview of the New Tour 00:22:52 - Injury and Recovery Stories 00:29:53 - Childhood Swimming Memories 00:36:04 - Impact of Natural Disasters 00:40:04 - Cultural Perspectives on Ethnicity 00:46:10 - Navigating Nervousness and Risk 00:50:30 - Life as an Experience Not a Sentence 00:57:20 - New Ventures: Military Base Purchase 01:01:53 - Projects in the Works 01:07:33 - Navigating Relationships and Marriage 01:12:50 - The Unique Qualities of Black Women 01:17:38 - The Role of Rituals in Entertainment 01:21:48 -,"['lesson', 'example', 'deterrent_example', 'object_lesson', 'moral']"
00:00:00 - Introduction to Kat Williams 00:04:30 - Beliefs About Heaven 00:09:14 - Time and Lifes Adventures 00:17:34 - Overview of the New Tour 00:22:52 - Injury and Recovery Stories 00:29:53 - Childhood Swimming Memories 00:36:04 - Impact of Natural Disasters 00:40:04 - Cultural Perspectives on Ethnicity 00:46:10 - Navigating Nervousness and Risk 00:50:30 - Life as an Experience Not a Sentence 00:57:20 - New Ventures: Military Base Purchase 01:01:53 - Projects in the Works 01:07:33 - Navigating Relationships and Marriage 01:12:50 - The Unique Qualities of Black Women 01:17:38 - The Role of Rituals in Entertainment 01:21:48 - Lessons from Childhood Reading 01:27:51 -,['Hollywood']
00:00:00 - Introduction to Kat Williams 00:04:30 - Beliefs About Heaven 00:09:14 - Time and Lifes Adventures 00:17:34 - Overview of the New Tour 00:22:52 - Injury and Recovery Stories 00:29:53 - Childhood Swimming Memories 00:36:04 - Impact of Natural Disasters 00:40:04 - Cultural Perspectives on Ethnicity 00:46:10 - Navigating Nervousness and Risk 00:50:30 - Life as an Experience Not a Sentence 00:57:20 - New Ventures: Military Base Purchase 01:01:53 - Projects in the Works 01:07:33 - Navigating Relationships and Marriage 01:12:50 - The Unique Qualities of Black Women 01:17:38 - The Role of Rituals in Entertainment 01:21:48 - Lessons from Childhood Reading 01:27:51 - Hollywoods Dark,"['military_unit', 'forcefulness', 'force', 'personnel', 'violence', 'force-out', 'military_force', 'power', 'effect', 'force_play', 'strength']"
00:00:00 - Introduction to Kat Williams 00:04:30 - Beliefs About Heaven 00:09:14 - Time and Lifes Adventures 00:17:34 - Overview of the New Tour 00:22:52 - Injury and Recovery Stories 00:29:53 - Childhood Swimming Memories 00:36:04 - Impact of Natural Disasters 00:40:04 - Cultural Perspectives on Ethnicity 00:46:10 - Navigating Nervousness and Risk 00:50:30 - Life as an Experience Not a Sentence 00:57:20 - New Ventures: Military Base Purchase 01:01:53 - Projects in the Works 01:07:33 - Navigating Relationships and Marriage 01:12:50 - The Unique Qualities of Black Women 01:17:38 - The Role of Rituals in Entertainment 01:21:48 - Lessons from Childhood Reading 01:27:51 - Hollywoods Dark Forces Explained 01:35:15 -,"['music', 'euphony', 'medicine']"
00:00:00 - Introduction to Kat Williams 00:04:30 - Beliefs About Heaven 00:09:14 - Time and Lifes Adventures 00:17:34 - Overview of the New Tour 00:22:52 - Injury and Recovery Stories 00:29:53 - Childhood Swimming Memories 00:36:04 - Impact of Natural Disasters 00:40:04 - Cultural Perspectives on Ethnicity 00:46:10 - Navigating Nervousness and Risk 00:50:30 - Life as an Experience Not a Sentence 00:57:20 - New Ventures: Military Base Purchase 01:01:53 - Projects in the Works 01:07:33 - Navigating Relationships and Marriage 01:12:50 - The Unique Qualities of Black Women 01:17:38 - The Role of Rituals in Entertainment 01:21:48 - Lessons from Childhood Reading 01:27:51 - Hollywoods Dark Forces Explained 01:35:15 - Musics Role in Comedy 01:40:18 -,"['get_together', 'encounter', 'confluence', 'group_meeting', 'meeting', 'coming_together']"
00:00:00 - Introduction to Kat Williams 00:04:30 - Beliefs About Heaven 00:09:14 - Time and Lifes Adventures 00:17:34 - Overview of the New Tour 00:22:52 - Injury and Recovery Stories 00:29:53 - Childhood Swimming Memories 00:36:04 - Impact of Natural Disasters 00:40:04 - Cultural Perspectives on Ethnicity 00:46:10 - Navigating Nervousness and Risk 00:50:30 - Life as an Experience Not a Sentence 00:57:20 - New Ventures: Military Base Purchase 01:01:53 - Projects in the Works 01:07:33 - Navigating Relationships and Marriage 01:12:50 - The Unique Qualities of Black Women 01:17:38 - The Role of Rituals in Entertainment 01:21:48 - Lessons from Childhood Reading 01:27:51 - Hollywoods Dark Forces Explained 01:35:15 - Musics Role in Comedy 01:40:18 - Meeting Shaquille ONeal 01:46:03 -,['prince']
00:00:00 - Introduction to Kat Williams 00:04:30 - Beliefs About Heaven 00:09:14 - Time and Lifes Adventures 00:17:34 - Overview of the New Tour 00:22:52 - Injury and Recovery Stories 00:29:53 - Childhood Swimming Memories 00:36:04 - Impact of Natural Disasters 00:40:04 - Cultural Perspectives on Ethnicity 00:46:10 - Navigating Nervousness and Risk 00:50:30 - Life as an Experience Not a Sentence 00:57:20 - New Ventures: Military Base Purchase 01:01:53 - Projects in the Works 01:07:33 - Navigating Relationships and Marriage 01:12:50 - The Unique Qualities of Black Women 01:17:38 - The Role of Rituals in Entertainment 01:21:48 - Lessons from Childhood Reading 01:27:51 - Hollywoods Dark Forces Explained 01:35:15 - Musics Role in Comedy 01:40:18 - Meeting Shaquille ONeal 01:46:03 - Princes Love for Jam Sessions 01:51:46 - Navigating Success and Love 01:56:35 -,['cloning']
00:00:00 - Introduction to Kat Williams 00:04:30 - Beliefs About Heaven 00:09:14 - Time and Lifes Adventures 00:17:34 - Overview of the New Tour 00:22:52 - Injury and Recovery Stories 00:29:53 - Childhood Swimming Memories 00:36:04 - Impact of Natural Disasters 00:40:04 - Cultural Perspectives on Ethnicity 00:46:10 - Navigating Nervousness and Risk 00:50:30 - Life as an Experience Not a Sentence 00:57:20 - New Ventures: Military Base Purchase 01:01:53 - Projects in the Works 01:07:33 - Navigating Relationships and Marriage 01:12:50 - The Unique Qualities of Black Women 01:17:38 - The Role of Rituals in Entertainment 01:21:48 - Lessons from Childhood Reading 01:27:51 - Hollywoods Dark Forces Explained 01:35:15 - Musics Role in Comedy 01:40:18 - Meeting Shaquille ONeal 01:46:03 - Princes Love for Jam Sessions 01:51:46 - Navigating Success and Love 01:56:35 - Cloning and Its,"['implication', 'logical_implication', 'conditional_relation', 'deduction', 'significance']"
00:00:00 - Introduction to Kat Williams 00:04:30 - Beliefs About Heaven 00:09:14 - Time and Lifes Adventures 00:17:34 - Overview of the New Tour 00:22:52 - Injury and Recovery Stories 00:29:53 - Childhood Swimming Memories 00:36:04 - Impact of Natural Disasters 00:40:04 - Cultural Perspectives on Ethnicity 00:46:10 - Navigating Nervousness and Risk 00:50:30 - Life as an Experience Not a Sentence 00:57:20 - New Ventures: Military Base Purchase 01:01:53 - Projects in the Works 01:07:33 - Navigating Relationships and Marriage 01:12:50 - The Unique Qualities of Black Women 01:17:38 - The Role of Rituals in Entertainment 01:21:48 - Lessons from Childhood Reading 01:27:51 - Hollywoods Dark Forces Explained 01:35:15 - Musics Role in Comedy 01:40:18 - Meeting Shaquille ONeal 01:46:03 - Princes Love for Jam Sessions 01:51:46 - Navigating Success and Love 01:56:35 - Cloning and Its Implications 02:01:26 -,"['Harvey', 'William_Harvey']"
00:00:00 - Introduction to Kat Williams 00:04:30 - Beliefs About Heaven 00:09:14 - Time and Lifes Adventures 00:17:34 - Overview of the New Tour 00:22:52 - Injury and Recovery Stories 00:29:53 - Childhood Swimming Memories 00:36:04 - Impact of Natural Disasters 00:40:04 - Cultural Perspectives on Ethnicity 00:46:10 - Navigating Nervousness and Risk 00:50:30 - Life as an Experience Not a Sentence 00:57:20 - New Ventures: Military Base Purchase 01:01:53 - Projects in the Works 01:07:33 - Navigating Relationships and Marriage 01:12:50 - The Unique Qualities of Black Women 01:17:38 - The Role of Rituals in Entertainment 01:21:48 - Lessons from Childhood Reading 01:27:51 - Hollywoods Dark Forces Explained 01:35:15 - Musics Role in Comedy 01:40:18 - Meeting Shaquille ONeal 01:46:03 - Princes Love for Jam Sessions 01:51:46 - Navigating Success and Love 01:56:35 - Cloning and Its Implications 02:01:26 - Harvey Weinsteins Power Dynamics 02:06:20 - Bill Cosbys Legacy and Controversy 02:18:41 - The Importance of Communication in Relationships 02:23:02 -,['Armageddon']
00:00:00 - Introduction to Kat Williams 00:04:30 - Beliefs About Heaven 00:09:14 - Time and Lifes Adventures 00:17:34 - Overview of the New Tour 00:22:52 - Injury and Recovery Stories 00:29:53 - Childhood Swimming Memories 00:36:04 - Impact of Natural Disasters 00:40:04 - Cultural Perspectives on Ethnicity 00:46:10 - Navigating Nervousness and Risk 00:50:30 - Life as an Experience Not a Sentence 00:57:20 - New Ventures: Military Base Purchase 01:01:53 - Projects in the Works 01:07:33 - Navigating Relationships and Marriage 01:12:50 - The Unique Qualities of Black Women 01:17:38 - The Role of Rituals in Entertainment 01:21:48 - Lessons from Childhood Reading 01:27:51 - Hollywoods Dark Forces Explained 01:35:15 - Musics Role in Comedy 01:40:18 - Meeting Shaquille ONeal 01:46:03 - Princes Love for Jam Sessions 01:51:46 - Navigating Success and Love 01:56:35 - Cloning and Its Implications 02:01:26 - Harvey Weinsteins Power Dynamics 02:06:20 - Bill Cosbys Legacy and Controversy 02:18:41 - The Importance of Communication in Relationships 02:23:02 - Armageddon and Its,"['significance', 'import', 'implication', 'meaning', 'signification']"
00:00:00 - Introduction to Kat Williams 00:04:30 - Beliefs About Heaven 00:09:14 - Time and Lifes Adventures 00:17:34 - Overview of the New Tour 00:22:52 - Injury and Recovery Stories 00:29:53 - Childhood Swimming Memories 00:36:04 - Impact of Natural Disasters 00:40:04 - Cultural Perspectives on Ethnicity 00:46:10 - Navigating Nervousness and Risk 00:50:30 - Life as an Experience Not a Sentence 00:57:20 - New Ventures: Military Base Purchase 01:01:53 - Projects in the Works 01:07:33 - Navigating Relationships and Marriage 01:12:50 - The Unique Qualities of Black Women 01:17:38 - The Role of Rituals in Entertainment 01:21:48 - Lessons from Childhood Reading 01:27:51 - Hollywoods Dark Forces Explained 01:35:15 - Musics Role in Comedy 01:40:18 - Meeting Shaquille ONeal 01:46:03 - Princes Love for Jam Sessions 01:51:46 - Navigating Success and Love 01:56:35 - Cloning and Its Implications 02:01:26 - Harvey Weinsteins Power Dynamics 02:06:20 - Bill Cosbys Legacy and Controversy 02:18:41 - The Importance of Communication in Relationships 02:23:02 - Armageddon and Its Significance 02:29:10 - Cultural,"['penetration', 'insight', 'perceptiveness', 'perceptivity', 'brainstorm', 'brainwave', 'sixth_sense']"
00:00:00 - Introduction to Kat Williams 00:04:30 - Beliefs About Heaven 00:09:14 - Time and Lifes Adventures 00:17:34 - Overview of the New Tour 00:22:52 - Injury and Recovery Stories 00:29:53 - Childhood Swimming Memories 00:36:04 - Impact of Natural Disasters 00:40:04 - Cultural Perspectives on Ethnicity 00:46:10 - Navigating Nervousness and Risk 00:50:30 - Life as an Experience Not a Sentence 00:57:20 - New Ventures: Military Base Purchase 01:01:53 - Projects in the Works 01:07:33 - Navigating Relationships and Marriage 01:12:50 - The Unique Qualities of Black Women 01:17:38 - The Role of Rituals in Entertainment 01:21:48 - Lessons from Childhood Reading 01:27:51 - Hollywoods Dark Forces Explained 01:35:15 - Musics Role in Comedy 01:40:18 - Meeting Shaquille ONeal 01:46:03 - Princes Love for Jam Sessions 01:51:46 - Navigating Success and Love 01:56:35 - Cloning and Its Implications 02:01:26 - Harvey Weinsteins Power Dynamics 02:06:20 - Bill Cosbys Legacy and Controversy 02:18:41 - The Importance of Communication in Relationships 02:23:02 - Armageddon and Its Significance 02:29:10 - Cultural Insights from Native Americans 02:33:11 - Creating Heaven on,"['world', 'ground', 'land']"
"Joes not a ""ea""","['comedian', 'comic']"
"Joes not a ""ea"" comedian so Kat wasnt","['buying', 'purchasing']"
THIS! Like Mad Skillz and his yearly “<mask> up.”,"['strike', 'hip-hop', 'whack', 'knock', 'belt']"
<mask> go!!!! I had been waiting on this one,"['net_ball', 'LET', 'let', 'Army_of_the_Pure', 'Lashkar-e-Taiba']"
Lets go!!!! I had been waiting on this,"['single', 'unity', '1', 'ace']"
Enjoyed the,"['coverage', 'insurance_coverage', 'reporting', 'reportage']"
Enjoyed the coverage of some of the slower,"['stratum', 'family', 'category', 'grade']"
Enjoyed the coverage of some of the slower class,"['auto', 'railway_car', 'car']"
Enjoyed the coverage of some of the slower class cars. Not just the Beyond my,"['wallet', 'billfold', 'notecase', 'pocketbook']"
Enjoyed the coverage of some of the slower class cars. Not just the Beyond my wallet,"['course', 'class', 'grade', 'course_of_study']"
200,"['push_button', 'energy', 'thrust', 'push', 'get-up-and-go']"
i hate how theo conducts this podcast like an,"['interview', 'consultation', 'audience']"
i hate how theo conducts this podcast like an interview and goes from,"['interrogative', 'interrogation', 'inquiry', 'motion', 'head', 'doubtfulness']"
i hate how theo conducts this podcast like an interview and goes from,"['interrogative_sentence', 'interrogation', 'motion', 'inquiry', 'head', 'query', 'interrogative', 'enquiry', 'dubiousness']"
i hate how theo conducts this podcast like an interview and goes from question to question instead of a having a,['conversation']
Oh Rachael its your,"['routine', 'crook', 'go', 'good_turn', 'bout', 'turning']"
Oh Rachael its your turn to take the,"['limelight', 'spotlight', 'glare', 'public_eye', 'spot']"
Burnt,['out']
Burnt outs are the best,"['character', 'portion']"
Burnt outs are the best part at,"['bridle', 'halt', 'chip']"
Burnt outs are the best part at check,"['head', 'spot', 'power_point']"
This looks very impressive. Especialy the,['fact']
This looks very impressive. Especialy the fact that we get to see Chaos,"['space', 'infinite', 'outer_space', 'blank', 'distance', 'blank_space', 'place', 'quad']"
This looks very impressive. Especialy the fact that we get to see Chaos space,"['Marines', 'Marine', 'devil_dog', 'leatherneck', 'shipboard_soldier', 'marine']"
This looks very impressive. Especialy the fact that we get to see Chaos space marines and other less known,['chapter']
This looks very impressive. Especialy the fact that we get to see Chaos,"['space', 'infinite', 'outer_space', 'blank', 'distance', 'blank_space', 'place', 'quad']"
This looks very impressive. Especialy the fact that we get to see Chaos space,"['shipboard_soldier', 'Marines', 'leatherneck']"
This looks very impressive. Especialy the fact that we get to see Chaos space marines and other less known chapters of space marines (not sure if it is but i think i see Scythes of the,"['emperor', 'emperor_moth', 'Saturnia_pavonia', 'emperor_butterfly']"
This looks very impressive. Especialy the fact that we get to see Chaos space marines and other less known chapters of space marines (not sure if it is but i think i see Scythes of the emperor). Either,"['path', 'elbow_room', 'agency', 'way', 'style', 'room']"
This looks very impressive. Especialy the fact that we get to see Chaos space marines and other less known chapters of space marines (not sure if it is but i think i see Scythes of the emperor). Either way it all looks glorious. Plus the,"['fit', 'panorama', 'vista', 'scenery', 'scene', 'prospect']"
This looks very impressive. Especialy the fact that we get to see Chaos space marines and other less known chapters of space marines (not sure if it is but i think i see Scythes of the emperor). Either way it all looks glorious. Plus the scene with the tyranids just running at those impressive,"['speeding', 'stop_number', 'speed', 'amphetamine']"
This looks very impressive. Especialy the fact that we get to see Chaos space marines and other less known chapters of space marines (not sure if it is but i think i see Scythes of the emperor). Either way it all looks glorious. Plus the scene with the tyranids just running at those impressive speeds really does sell the,"['panic', 'terror', 'affright', 'scourge', 'threat', 'brat', 'little_terror', 'holy_terror']"
2 of my favourite,"['citizenry', 'mass', 'masses']"
bro said he hopped right out of the,"['backside', 'hindquarters', 'bottom']"
It’s still mental how insane this looks,"['artwork', 'art', 'graphics', 'nontextual_matter', 'graphic', 'computer_graphic']"
Lumber,"['knave', 'Jack-tar', 'jackass', 'diddlyshit', 'seafarer']"
Lumber jack,"['William_James', 'Saint_James', 'James_I']"
Lumber jack james is on the chopping,"['block', 'stoppage', 'occlusion', 'blocking', 'cube']"
To me it sounds like he wanted to keep his,"['bachelor', 'unmarried_man', 'knight_bachelor', 'bachelor-at-arms']"
To me it sounds like he wanted to keep his bachelor,"['launching_pad', 'stamp_pad', 'tablet', 'pad_of_paper', 'launchpad', 'inkpad', 'launch_pad']"
To me it sounds like he wanted to keep his bachelor pad. Not wanting to ever fully commit. He’s a,"['coward', 'Coward', 'Noel_Coward', 'Sir_Noel_Pierce_Coward']"
I always knew that in the darkest,"['hour', 'hr', '60_minutes', 'time_of_day', 'minute']"
I always knew that in the darkest hour the Emperor would send his,"['angel', 'saint', 'holy_man', 'holy_person', 'backer', 'Angel', 'Angel_Falls']"
Katt please we can’t take anymore,"['accuracy', 'true_statement', 'Sojourner_Truth', 'trueness', 'Truth']"
The Kat & the Rat in the same,"['room', 'way', 'elbow_room']"
this is a great,"['instalment', 'sequence', 'episode']"
this is a great episode of between 2,"['thenar', 'medal']"
Broooooo we got the yelly irish,"['bozo', 'guy_wire', 'cat', 'guy', 'guy_rope', 'Guy']"
<mask> one Katt Williams movie…..dr. Do little 3,"['public_figure', 'name', 'epithet', 'gens']"
Name one Katt Williams movie…..<mask> Do little 3,"['Dr.', 'physician']"
Mr. William’s,"['drip', 'trickle', 'dribble', 'dripping', 'drip_mold', 'drip_mould']"
Mr. William’s drip is kinda frosty the,['leather']
Mr. William’s drip is kinda frosty the leather,['tassel']
Mr. William’s drip is kinda frosty the leather tassel,"['cap', 'crownwork', 'jacket']"
Mr. William’s drip is kinda frosty the leather t<mask>el jacket a bright ass yellow hat some thick chains and a random green shirt,"['tush', 'butt', 'shag', 'posterior']"
Mr. William’s drip is kinda frosty the leather tassel jacket a bright ass,"['yellow', 'yellowness']"
Mr. William’s drip is kinda frosty the leather tassel jacket a bright ass yellow,"['hat', 'chapeau', 'lid']"
Mr. William’s drip is kinda frosty the leather tassel jacket a bright ass yellow hat some,"['midst', 'thick']"
Mr. William’s drip is kinda frosty the leather tassel jacket a bright ass yellow hat some thick,"['mountain_chain', 'chains', 'irons', 'range']"
Mr. William’s drip is kinda frosty the leather tassel jacket a bright ass yellow hat some thick chains and a random green,['shirt']
This is Absolutely Awesome! And the,['fact']
This is Absolutely Awesome! And the fact that Katt is running with the Nutcracker,"['joke', 'laugh', 'gag', 'antic', 'jocularity']"
This is Absolutely Awesome! And the fact that Katt is running with the Nutcracker joke is freakin,['great']
True! We are so back fck yeah ty warhammer for hiring the,"['Astarte', 'Ashtoreth']"
True! We are so back fck yeah ty warhammer for hiring the astartes guy its a bright,"['time_to_come', 'future_tense', 'futurity']"
True! We are so back fck yeah ty warhammer for hiring the astartes guy its a bright future for the warhammer,"['universe', 'existence', 'universe_of_discourse', 'world', 'creation', 'cosmos', 'macrocosm']"
@ggallenfdg that,"['division', 'component', 'office', 'share', 'piece', 'role']"
@ggallenfdg that part always makes me laugh as well as when he says “that’s a black Kat Williams” like the original,"['ace', '1', 'one', 'unity']"
I’m,"['gladiolus', 'gladiola', 'glad', 'sword_lily']"
Thank you brother for this,"['input', 'remark', 'scuttlebutt', 'gossip', 'commentary']"
Thank you for the great,"['content', 'message', 'subject_matter', 'substance', 'capacity', 'cognitive_content', 'mental_object', 'contentedness', 'subject', 'depicted_object']"
Ain’t not fuckin,"['way_of_life', 'path', 'room', 'fashion', 'way', 'agency', 'mode']"
Kat should drop the sophisticated black,"['attitude', 'mental_attitude', 'position', 'posture']"
Kat should drop the sophisticated black attitude.. he’s not intelligent he’s,"['funny_story', 'good_story', 'funny_remark', 'funny']"
<mask> like riveting content. Looser.,"['sound', 'strait', 'auditory_sensation']"
Sounds like riveting,"['subject', 'cognitive_content', 'message', 'depicted_object', 'contentedness', 'capacity']"
Fucking badass Easter honestly dope as,['roll_in_the_hay']
Yo,"['guy_cable', 'guy', 'bozo']"
Yo guys on my first playthrough I initiated an,"['electrical_engineering', 'EE']"
Yo guys on my first playthrough I initiated an ee that involved the,"['frame', 'skeleton_in_the_closet', 'skeletal_system', 'skeleton', 'underframe']"
Yo guys on my first playthrough I initiated an ee that involved the skeleton,"['cadaver', 'remains', 'clay']"
Yo guys on my first playthrough I initiated an ee that involved the skeleton corpse in Nowehere. I picked up his,['skull']
Yo guys on my first playthrough I initiated an ee that involved the skeleton corpse in Nowehere. I picked up his skull or placed it and then there was a statue outside the,"['map', 'function', 'mathematical_function', 'single-valued_function', 'mapping']"
Yo guys on my first playthrough I initiated an ee that involved the skeleton corpse in Nowehere. I picked up his skull or placed it and then there was a statue outside the map I shot that turned then disappeared with a,"['sound', 'auditory_sensation', 'audio', 'phone', 'speech_sound', 'strait']"
Yo guys on my first playthrough I initiated an ee that involved the skeleton corpse in Nowehere. I picked up his skull or placed it and then there was a statue outside the map I shot that turned then disappeared with a sound que. Has anyone found this yet? If so what does it relate to? I cannot replicate it on my second play-through and have no,"['mind', 'theme', 'melodic_theme', 'approximation', 'musical_theme', 'estimation', 'estimate']"
The,"['shooter', 'blastoff', 'shooting', 'scene', 'injection', 'stab']"
The shot of those Predator,"['army_tank', 'tank_car', 'cooler']"
The shot of those Predator tanks hauling,"['shtup', 'bum', 'derriere', 'screw', 'arse', 'fanny', 'buttocks', 'hind_end', 'American_Samoa', 'stern', 'tail_end', 'AS', 'buns']"
The shot of those Predator tanks hauling ass and dispensing holy,"['vengeance', 'retribution', 'payback']"
The shot of those Predator tanks hauling ass and dispensing holy vengeance gave me goose,"['prominence', 'jut', 'bump', 'bulge', 'extrusion']"
.@5:53 Yo Katt white,"['citizenry', 'people', 'multitude', 'hoi_polloi', 'masses']"
.@5:53 Yo Katt white people are a,"['minority', 'nonage']"
.@5:53 Yo Katt white people are a minority on,"['Earth', 'ground', 'earthly_concern', 'earth', 'land']"
"Love everything about this! ""ou can burn down a whole","['town', 'townspeople', 'townsfolk', 'township', 'Town', 'Ithiel_Town']"
<mask>! And his stupid comment of “what will you do in real life issues?” Like bro she will support you and be strong when the time is needed! I don’t even know her and I can see what a strong woman she is. What the heck are you Matt if you can’t support the woman who loves you when she is having a bad day????,['yes']
Yess! And his stupid,"['input', 'gossip', 'comment', 'scuttlebutt', 'commentary']"
Yess! And his stupid comment of “what will you do in real,"['lifespan', 'life_sentence', 'biography', 'sprightliness', 'lifetime']"
Yess! And his stupid comment of “what will you do in real life,"['military_issue', 'progeny', 'event', 'take', 'proceeds']"
Yess! And his stupid comment of “what will you do in real life issues?” Like bro she will support you and be strong when the,"['clock_time', 'prison_term', 'time', 'meter', 'sentence']"
Yess! And his stupid comment of “what will you do in real life issues?” Like bro she will support you and be strong when the time is needed! I don’t even know her and I can see what a strong,"['adult_female', 'cleaning_lady', 'cleaning_woman', 'womanhood', 'charwoman']"
Yess! And his stupid comment of “what will you do in real life issues?” Like bro she will,"['reinforcement', 'supporting', 'accompaniment', 'reenforcement', 'livelihood', 'support', 'financial_backing', 'documentation', 'funding', 'sustenance']"
Yess! And his stupid comment of “what will you do in real life issues?” Like bro she will support you and be strong when the time is needed! I don’t even know her and I can see what a strong,"['charwoman', 'womanhood', 'cleaning_lady', 'char']"
Yess! And his stupid comment of “what will you do in real life issues?” Like bro she will support you and be strong when the time is needed! I don’t even know her and I can see what a strong woman she is. What the heck are you Matt if you can’t support the woman who loves you when she is having a bad,"['Day', '24-hour_interval', 'daytime', 'twenty-four_hour_period']"
Everyone knows it. And the strongest,"['homo', 'Isle_of_Man', 'human_beings', 'human', 'military_man']"
Katt Williams,"['sir', 'Sir']"
The,['fact']
Over 2 million,"['horizon', 'vista', 'persuasion', 'sight']"
Over 2 million views in 20,"['60_minutes', 'hour', 'hr']"
If you ever make a Warhammer 40k,"['moving_picture', 'film', 'pic', 'flick']"
If you ever make a Warhammer 40k movie the,"['adult_male', 'homo', 'humanity']"
If you ever make a Warhammer 40k movie the man behind the Astartes,"['series', 'serial', 'serial_publication']"
He doesn’t deserve her. She’s,"['direction', 'manner', 'room', 'path', 'fashion', 'agency', 'mode', 'means', 'way']"
He doesn’t deserve her. She’s way too good for him! What a,"['loser', 'also-ran', 'failure', 'nonstarter', 'unsuccessful_person']"
He doesn’t deserve her. She’s way too good for him! What a loser! She deserves so much,"['happiness', 'felicity']"
@,"['legend', 'fable', 'caption']"
@ legend I’m,"['observation', 'observance', 'watching']"
I love the freakings,"['inside_information', 'details', 'particular', 'point', 'item', 'contingent']"
I love the freakings details like the,"['strap', 'shoulder_strap']"
I love the freakings details like the straps holding the heavy bolter. Like the marineshave the,"['intensity', 'durability', 'military_strength', 'military_capability', 'persuasiveness', 'speciality', 'force', 'military_posture', 'potency']"
I love the freakings details like the,"['strap', 'shoulder_strap']"
I love the freakings details like the straps holding the heavy bolter. Like the marineshave the,"['strength', 'forte', 'posture', 'durability', 'speciality']"
I love the freakings details like the straps holding the heavy bolter. Like the marineshave the strength to hold it but with a strap on they can focus their strength in aiming the,"['thing', 'matter', 'affair']"
Was thinking the same,['matter']
Was thinking the same thing Theo cracked him on some,"['gag', 'jocularity', 'trick', 'put-on', 'jape']"
Was thinking the same thing Theo cracked him on some jokes even about,['ethnicity']
Was thinking the same thing Theo cracked him on some jokes even about ethnicity and what not. To crack a black,['guy_wire']
Was thinking the same thing Theo cracked him on some jokes even about ethnicity and what not. To crack a black guy like katt with,"['comedy', 'drollery', 'clowning', 'funniness']"
Was thinking the same thing Theo cracked him on some jokes even about ethnicity and what not. To crack a black guy like katt with comedy as a white,['swell']
Was thinking the same thing Theo cracked him on some jokes even about ethnicity and what not. To crack a black guy like katt with comedy as a white,['dude']
Was thinking the same thing Theo cracked him on some jokes even about ethnicity and what not. To crack a black guy like katt with comedy as a white dude has to feel amazing. Takes a special dude to be able to kill in black,['nightclub']
Was thinking the same thing Theo cracked him on some jokes even about ethnicity and what not. To crack a black guy like katt with comedy as a white dude has to feel amazing. Takes a special dude to be able to kill in black clubs I think Theo could do it all,"['twenty-four_hour_period', 'daylight']"
Was thinking the same thing Theo cracked him on some jokes even about ethnicity and what not. To crack a black guy like katt with comedy as a white dude has to feel amazing. Takes a special dude to be able to kill in black clubs I think Theo could do it all day theyd love that white,['boy']
@user-wb7nv9ht1g I get a wierd,"['vibration', 'vibe']"
@user-wb7nv9ht1g I get a wierd vibe from katt but also he does be dropping,"['muffin', 'stone', 'gemstone', 'gem', 'jewel']"
@user-wb7nv9ht1g I get a wierd vibe from katt but also he does be dropping gems definitely a narcissist,['Tho']
@user-wb7nv9ht1g I get a wierd vibe from katt but also he does be dropping gems definitely a narcissist tho and Theo von is just a regular,"['person', 'individual', 'someone', 'somebody', 'mortal', 'soul']"
“Was it a,"['collaboration', 'coaction', 'collaborationism', 'quislingism']"
I hope Theo asks out the,"['airport', 'airdrome', 'aerodrome', 'drome']"
I hope Theo asks out the airport,"['little_girl', 'missy', 'girl', 'young_lady', 'girlfriend', 'lady_friend', 'miss', 'fille', 'female_child']"
I hope Theo asks out the airport girl. He seems lonely. He needs a,"['madam', 'gentlewoman', ""ma'am"", 'noblewoman', 'lady']"
I hope Theo asks out the airport girl. He seems lonely. He needs a lady to have his,"['baby', 'babe', 'infant', 'child', 'sister']"
I hope Theo asks out the airport girl. He seems lonely. He needs a lady to have his babys and go to Disney,"['globe', 'humankind', 'mankind', 'existence', 'earth', 'reality', 'populace']"
Did he just say he’s heavy in sexual,"['telling', 'sex_act', 'relative', 'coitus', 'carnal_knowledge']"
What an awesome,['compliment']
What an awesome compliment,"['battle', 'conflict', 'fight', 'engagement', 'struggle']"
What an awesome compliment battle. Even when they disagree with something they just move on onto something they vibe with. The,"['worldly_concern', 'universe', 'Earth']"
Thank You Katt Williams Appreciate you Theo Now tell me youre going to LAX and let her know how you felt in the,"['moment', 'import', 'mo', 'instant', 'minute', 'second', 'consequence', 'here_and_now', 'bit']"
Thank You Katt Williams Appreciate you Theo Now tell me youre going to LAX and let her know how you felt in the moment of her,"['presence', 'front', 'bearing', 'comportment', 'mien']"
You seem like a magical,"['chassis', 'build', 'soma', 'fig', 'human_body']"
This is the last,"['luck', 'hazard', 'prospect', 'fortune', 'chance']"
This is the last chance there is to do,"['thing', 'affair', 'things']"
This is the last chance there is to do things on,"['worldly_concern', 'land', 'dry_land', 'Earth', 'earthly_concern', 'world', 'terra_firma']"
This is the last chance there is to do things on,"['world', 'land', 'solid_ground', 'terra_firma', 'worldly_concern', 'ground', 'earth', 'earthly_concern', 'globe', 'Earth']"
What a Chad,"['human_beings', 'piece', 'humankind', 'mankind', 'Man']"
I’m white and Hispanic and I stg I had a,"['dream', 'dreaming', 'ambition', 'aspiration', 'pipe_dream']"
I’m white and Hispanic and I stg I had a dream I was a black,"['womanhood', 'char', 'cleaning_woman', 'woman', 'charwoman']"
I’m white and Hispanic and I stg I had a dream I was a black woman. I was in a,"['pool', 'pond', 'consortium', 'syndicate', 'puddle', 'kitty', 'pocket_billiards']"
I’m white and Hispanic and I stg I had a dream I was a black woman. I was in a pool and I had long,"['legs', 'pegleg', 'stage', 'leg']"
I’m white and Hispanic and I stg I had a dream I was a black woman. I was in a pool and I had long legs and I watched the,"['pee', 'water', 'water_system', 'water_supply', 'H2O']"
I’m white and Hispanic and I stg I had a dream I was a black woman. I was in a pool and I had long,"['stage', 'branch', 'wooden_leg']"
I’m white and Hispanic and I stg I had a dream I was a black woman. I was in a pool and I had long legs and I watched the water bead up on my legs. I remember feeling so sexy. I still think,"['Ab', 'AB']"
I’m white and Hispanic and I stg I had a dream I was a black woman. I was in a pool and I had long legs and I watched the water bead up on my legs. I remember feeling so sexy. I still think ab that dream. I don’t know if it happens to other,"['multitude', 'the_great_unwashed', 'people', 'mass']"
that’s a,"[""tinker's_damn"", 'damn', ""tinker's_dam"", 'red_cent', 'darn', 'shit', 'hoot']"
that’s a damn,"['African_tea', 'kat']"
@BrianManning-wh6rl its called,"['determination', 'finding']"
@BrianManning-wh6rl its called finding common,"['terra_firma', 'flat_coat', 'primer', 'dry_land', 'priming', 'primer_coat', 'land', 'undercoat', 'footing', 'earth', 'basis']"
@BrianManning-wh6rl its called finding common ground..<mask> wrong about agreeing about stuff we can agree on..that used to be very important..one of the hardest things about being an american.but worth the effort,"['cipher', 'zippo', 'aught', 'nada', 'naught', 'zip']"
@BrianManning-wh6rl its called finding common ground..nothing wrong about agreeing about,"['clobber', 'material', 'hooey', 'stuff_and_nonsense', 'stuff']"
@BrianManning-wh6rl its called finding common ground..nothing wrong about agreeing about stuff we can agree on..that used to be very important..one of the hardest,"['things', 'thing', 'matter', 'affair']"
@BrianManning-wh6rl its called finding common ground..nothing wrong about agreeing about stuff we can agree on..that used to be very important..one of the hardest things about being an american.but worth the,"['sweat', 'travail', 'movement', 'attempt', 'endeavor', 'exertion', 'endeavour', 'exploit']"
<mask> shit i cant wait to watch these two talk,"['holy_place', 'sanctum', 'holy']"
holy,"['son_of_a_bitch', 'dogshit', 'bastard', 'cocksucker', 'SOB', 'bull', 'dickhead', 'poop', 'mother_fucker', 'motherfucker']"
holy shit i cant,"['delay', 'hold', 'time_lag', 'postponement', 'wait', 'waiting']"
holy shit i cant wait to watch these two,"['talk', 'talking', 'lecture', 'public_lecture', 'talk_of_the_town']"
The most interesting,"['hands', ""gentleman's_gentleman"", 'manpower', 'human_race', 'work_force', 'homo']"
It’s hysterical how much Katt loves Theo! He’s a bigger,"['buff', 'fan', 'sports_fan']"
Matt posting to IG is so similar to what Zach Bryan did… and Rachael and Bri’s,"['report', 'level', 'fib', 'chronicle', 'tale', 'narration', 'taradiddle', 'tarradiddle']"
Matt posting to IG is so similar to what Zach Bryan did… and Rachael and Bri’s stories are so different but,"[""gentleman's_gentleman"", 'military_man', 'Man', 'manpower']"
The,"['guy', 'cat', 'hombre', 'bozo', 'Guy', 'guy_cable', 'guy_wire', 'guy_rope']"
The guy in the WhyNot camaro seems like a real likeable,"['buster', 'fop', 'dude', 'gallant', 'swell', 'beau', 'dandy', 'fashion_plate', 'fellow', 'clotheshorse']"
The guy in the WhyNot camaro seems like a real likeable dude rooting for him to get his 6 this,"['hebdomad', 'week', 'workweek']"
My,"['husband', 'hubby', 'married_man']"
My husband would never let me sit in,"['silence', 'quiet', 'muteness', 'secrecy', 'secretiveness']"
My husband would never let me sit in silence at a,"['dinner', 'dinner_party']"
My husband would never let me sit in silence at a dinner,"['tactual_sensation', 'tone', 'feeling', 'notion', 'belief']"
My husband would never let me sit in silence at a dinner feeling guilty because the,"['situation', 'lieu', 'berth', 'office', 'post']"
My husband would never let me sit in silence at a dinner feeling guilty because the place I picked wasn’t up to,"['par', 'equality', 'equivalence', 'equation']"
My husband would never let me sit in silence at a dinner feeling guilty because the place I picked wasn’t up to par. He’d,"['laugh', 'laughter', 'joke', 'gag', 'jest', 'jape']"
My husband would never let me sit in silence at a dinner feeling guilty because the place I picked wasn’t up to par. He’d laugh and make a,"['trick', 'jape', 'antic', 'prank', 'caper']"
My husband would never let me sit in silence at a dinner feeling guilty because the place I picked wasn’t up to par. He’d laugh and make a joke of it and comfort me and make sure I knew everything was okay. At the,"['closing', 'goal', 'ending', 'remainder']"
My husband would never let me sit in silence at a dinner feeling guilty because the place I picked wasn’t up to par. He’d laugh and make a joke of it and comfort me and make sure I knew everything was okay. At the end of the,"['mean_solar_day', 'twenty-four_hour_period', 'day']"
My husband would never let me sit in silence at a,"['dinner', 'dinner_party']"
My husband would never let me sit in silence at a dinner feeling guilty because the place I picked wasn’t up to par. He’d laugh and make a joke of it and comfort me and make sure I knew everything was okay. At the end of the day it’s just dinner and not that serious. No,"['path', 'mode', 'fashion', 'direction', 'agency']"
My husband would never let me sit in silence at a dinner feeling guilty because the place I picked wasn’t up to par. He’d laugh and make a joke of it and comfort me and make sure I knew everything was okay. At the end of the day it’s just dinner and not that serious. No,"['way', 'way_of_life', 'elbow_room', 'manner', 'direction']"
My husband would never let me sit in silence at a,"['dinner', 'dinner_party']"
My husband would never let me sit in silence at a dinner,"['spirit', 'touch', 'feel', 'tone', 'look', 'smell', 'flavor']"
My husband would never let me sit in silence at a dinner feeling guilty because the place I picked wasn’t up to par. He’d laugh and make a joke of it and comfort me and make sure I knew everything was okay. At the end of the day it’s just dinner and not that serious. No way he’d let me feel like I disappointed him. No way he’d let me sit through an entire dinner feeling,"['shame', 'disgrace', 'ignominy', 'pity']"
My husband would never let me sit in silence at a dinner feeling guilty because the place I picked wasn’t up to par. He’d laugh and make a joke of it and comfort me and make sure I knew everything was okay. At the end of the day it’s just dinner and not that serious. No way he’d let me feel like I disappointed him. No way he’d let me sit through an entire dinner feeling shame over a,"['restaurant', 'eating_house', 'eating_place', 'eatery']"
My husband would never let me sit in silence at a dinner feeling guilty because the place I,"['pick', 'choice', 'picking', 'weft', 'selection']"
My husband would never let me sit in silence at a dinner feeling guilty because the place I picked wasn’t up to par. He’d laugh and make a joke of it and comfort me and make sure I knew everything was okay. At the end of the day it’s just dinner and not that serious. No way he’d let me feel like I disappointed him. No way he’d let me sit through an entire dinner feeling shame over a restaurant pick. Whether he understood my,"['tone', 'spirit', 'look']"
My husband would never let me sit in silence at a dinner feeling guilty because the place I picked wasn’t up to par. He’d laugh and make a joke of it and comfort me and make sure I knew everything was okay. At the end of the day it’s just dinner and not that serious. No way he’d let me feel like I disappointed him. No way he’d let me sit through an entire dinner feeling shame over a restaurant pick. Whether he understood my feelings or not. I am such a,"['mass', 'hoi_polloi', 'people']"
My husband would never let me sit in silence at a dinner feeling guilty because the place I picked wasn’t up to par. He’d laugh and make a joke of it and comfort me and make sure I knew everything was okay. At the end of the day it’s just dinner and not that serious. No way he’d let me feel like I disappointed him. No way he’d let me sit through an entire dinner feeling shame over a restaurant pick. Whether he understood my feelings or not. I am such a people,['pleaser']
My husband would never let me sit in silence at a dinner feeling guilty because the place I picked wasn’t up to par. He’d laugh and make a joke of it and comfort me and make sure I knew everything was okay. At the end of the day it’s just dinner and not that serious. No way he’d let me feel like I disappointed him. No way he’d let me sit through an entire dinner feeling shame over a restaurant pick. Whether he understood my feelings or not. I am such a people pleaser and over,"['thinker', 'creative_thinker', 'mind']"
My husband would never let me sit in silence at a dinner feeling guilty because the place I picked wasn’t up to par. He’d laugh and make a joke of it and comfort me and make sure I knew everything was okay. At the end of the day it’s just dinner and not that serious. No way he’d let me feel like I disappointed him. No way he’d let me sit through an entire dinner feeling shame over a restaurant pick. Whether he understood my feelings or not. I am such a people pleaser and over thinker so I totally get why she felt upset and,"['atmospheric_pressure', 'force_per_unit_area', 'press', 'imperativeness']"
My husband would never let me sit in silence at a dinner feeling guilty because the place I picked wasn’t up to par. He’d laugh and make a joke of it and comfort me and make sure I knew everything was okay. At the end of the day it’s just dinner and not that serious. No way he’d let me feel like I disappointed him. No way he’d let me sit through an entire dinner feeling shame over a restaurant pick. Whether he understood my feelings or not. I am such a,"['mass', 'people', 'citizenry']"
My husband would never let me sit in silence at a dinner feeling guilty because the place I picked wasn’t up to par. He’d laugh and make a joke of it and comfort me and make sure I knew everything was okay. At the end of the day it’s just dinner and not that serious. No way he’d let me feel like I disappointed him. No way he’d let me sit through an entire dinner feeling shame over a restaurant pick. Whether he understood my feelings or not. I am such a people pleaser and over thinker so I totally get why she felt upset and pressure and people like us need,"['soul', 'individual', 'someone']"
My husband would never let me sit in silence at a dinner feeling guilty because the place I picked wasn’t up to par. He’d laugh and make a joke of it and comfort me and make sure I knew everything was okay. At the end of the day it’s just dinner and not that serious. No way he’d let me feel like I disappointed him. No way he’d let me sit through an entire dinner feeling shame over a restaurant pick. Whether he understood my feelings or not. I am such a people pleaser and over thinker so I totally get why she felt upset and pressure and people like us need someone who doesn’t make you feel bad for being who you are and okay with reassuring you in those,"['moment', 'consequence', 'second', 'bit', 'present_moment']"
My husband would never let me sit in silence at a dinner feeling guilty because the place I picked wasn’t up to par. He’d laugh and make a joke of it and comfort me and make sure I knew everything was okay. At the end of the day it’s just dinner and not that serious. No way he’d let me feel like I disappointed him. No way he’d let me sit through an entire dinner feeling shame over a restaurant pick. Whether he understood my feelings or not. I am such a people pleaser and over thinker so I totally get why she felt upset and pressure and people like us need someone who doesn’t make you feel bad for being who you are and okay with reassuring you in those moments. I’m so sorry that Rachael probably felt that,"['kind', 'sort', 'form', 'variety']"
My husband would never let me sit in silence at a dinner feeling guilty because the place I picked wasn’t up to par. He’d laugh and make a joke of it and comfort me and make sure I knew everything was okay. At the end of the day it’s just dinner and not that serious. No way he’d let me feel like I disappointed him. No way he’d let me sit through an entire dinner feeling shame over a restaurant pick. Whether he understood my feelings or not. I am such a people pleaser and over thinker so I totally get why she felt upset and,"['pressure_level', 'force_per_unit_area', 'atmospheric_pressure', 'press', 'insistence']"
My husband would never let me sit in silence at a dinner feeling guilty because the place I picked wasn’t up to par. He’d laugh and make a joke of it and comfort me and make sure I knew everything was okay. At the end of the day it’s just dinner and not that serious. No way he’d let me feel like I disappointed him. No way he’d let me sit through an entire dinner feeling shame over a restaurant pick. Whether he understood my feelings or not. I am such a people pleaser and over thinker so I totally get why she felt upset and pressure and people like us need someone who doesn’t make you feel bad for being who you are and okay with reassuring you in those moments. I’m so sorry that Rachael probably felt that kind of pressure to please him the entire,"['relationship', 'human_relationship', 'kinship', 'family_relationship']"
The,"['grave', 'tomb']"
The tomb is vanguard,"['layer', 'spirit_level', 'grade', 'floor', 'stage', 'level', 'storey', 'point', 'stratum', 'tier']"
The tomb is vanguard level,"['tush', 'Eastern_Samoa', 'hindquarters', 'backside', 'butt']"
The tomb is vanguard level ass lol worst,"['map', 'function', 'mathematical_function', 'single-valued_function', 'mapping']"
The tomb is vanguard level ass lol worst map in the,"['game', 'plot', 'secret_plan', 'biz']"
@ u lost me at the,"['last', 'terminal', 'remainder', 'remnant', 'goal']"
@ u lost me at the end. You think the,"['interview', 'consultation', 'audience']"
@ u lost me at the end. You think the interview is appropriate because what? Go take a logic,"['form', 'row', 'track', 'grade', 'course_of_instruction']"
Katt said “ I was born a superior being “.. this,"['medium_frequency', 'MF']"
Katt said “ I was born a superior being “.. this mf is 5’5 and weighs less than my,"['heel', 'hotdog', 'wiener', 'andiron', 'firedog']"
34:57 anybody else think it was a,"['flashlight', 'torch']"
34:57 anybody else think it was a flashlight that fell off Bretts,"['railroad_car', 'gondola', 'automobile', 'machine']"
…..um where is the OTHER,"['staff', 'faculty', 'stave']"
100% the real,"['unity', 'I', 'single', '1', 'one']"
Often Theo says,"['things', 'thing', 'matter', 'affair']"
The,"['noblewoman', 'peeress', 'Lady', 'madam', 'gentlewoman']"
Damn its SICK!!!! 2026 cant come any,"['Oklahoman', 'Sooner']"
He’s,"['rural_area', 'area', 'country']"
It’s insane how insecure he made her,"['feel', 'spirit', 'tone', 'feeling', 'flavor', 'flavour', 'look', 'smell', 'tactile_property']"
It’s insane how insecure he made her feel when she’s soooooo out of his,"['league', 'conference']"
Rachel you are deserving of so much better than this!!!! So proud of you for coming on here and sharing the real,"['chronicle', 'tale', 'floor', 'news_report', 'story', 'narrative', 'write_up']"
Rachel you are deserving of so much better than this!!!! So proud of you for coming on here and sharing the real story! We love you and support you no,"['subject', 'issue', 'thing', 'matter', 'affair']"
Katt needs to lighten up. Hes over thinking everything! Same thing in Rogan,"['interview', 'consultation', 'audience']"
@Gamerkidchris19 he was supposed to be on Clare’s,"['season', 'time_of_year']"
The,"['automobile', 'railroad_car']"
The car,"['figure', 'name', 'epithet']"
The car name for the ElCo. Popsicle,"['pin', 'marijuana_cigarette', 'joystick', 'reefer', 'control_stick']"
Yo Katt just be saying shit off,"['countercurrent', 'rip', 'snag', 'tide_rip', 'riptide', 'tear', 'rent']"
Yo Katt just be saying shit off rip that you gotta pause the vod for a,"['Min', 'Taiwanese', 'Hokkianese']"
​@ReidClarkComedy Are you implying that black,"['comedian', 'comic']"
"​@ReidClarkComedy Are you implying that black comedians cant get on these ""riendcast"" without","['person', 'individual', 'someone', 'somebody', 'mortal', 'soul']"
"​@ReidClarkComedy Are you implying that black comedians cant get on these ""riendcast"" without someone having to say to themselves ""ou know what we need a black","['guy_cable', 'hombre', 'bozo', 'guy_rope', 'cat', 'guy_wire', 'guy']"
@BennyBlancoNL I think most,"['masses', 'mass', 'citizenry', 'multitude', 'the_great_unwashed']"
Evil,"['lingo', 'cant', 'chamfer', 'camber', 'argot', 'jargon']"
Evil cant,['get']
Evil cant get you under,"['body_of_water', 'urine', 'water_system', 'piss', 'H2O', 'water', 'piddle', 'weewee']"
Evil cant get you under water.. i,"['surmise', 'conjecture', 'dead_reckoning', 'hypothesis', 'speculation']"
Evil cant get you under water.. i guess thats why,"['babe', 'baby', 'sister']"
Evil cant get you under water.. i guess thats why babies are safe in Embryonic Fluids on the,"['musket_ball', 'Ball', 'chunk']"
Nah the,"['algorithm', 'algorithmic_rule', 'algorithmic_program']"
Nah the algorithm is keeping this one down not even giving me my,"['presentment', 'notification', 'telling', 'apprisal', 'notice']"
These two joking about the,"['nutcracker', 'nuthatch']"
These two joking about the nutcracker,"['thing', 'matter', 'affair']"
These two joking about the nutcracker thing is exactly what I needed,['today']
Is this like a,"['flick', 'motion_picture', 'moving-picture_show', 'picture_show', 'movie', 'pic', 'motion-picture_show', 'moving_picture']"
Is this like a movie or a,"['series', 'serial', 'serial_publication']"
Is this like a movie or a series? Or a,"['bunch', 'caboodle', 'lot', 'crew', 'clustering', 'crowd']"
Is this like a movie or a series? Or a bunch of short,"['news_report', 'narrative', 'report', 'chronicle', 'history', 'story']"
“Monique is a…super large,"['form', 'design', 'fig', 'figure', 'image', 'soma', 'human_body', 'chassis', 'flesh']"
Excuse me sir i had a Lamenter fighting the Orks in the old,"['drone', 'trailer', 'dawdler', 'prevue', 'laggard']"
It’s a,"['shucks', 'red_cent', ""tinker's_dam"", 'darn', ""tinker's_damn""]"
Wheres the nitrous,"['drip', 'trickle', 'dribble', 'dripping', 'drip_mold', 'drip_mould']"
Wheres the nitrous drip,['shirt']
@nevergiveup9321,['true']
@nevergiveup9321 True! And that my,"['admirer', 'friend', 'booster', 'Friend', 'acquaintance']"
had to catch this one. podcasting is hard to navigate because of all the,"['Irish_bull', 'crap', 'shit', 'shite', 'dogshit']"
had to catch this one. podcasting is hard to navigate because of all the crap. these two opposite,"['comedy', 'drollery', 'clowning', 'funniness']"
had to catch this one. podcasting is hard to navigate because of all the crap. these two opposite comedy,"['icon', 'picture', 'ikon']"
Holy Emperor!!! I asked you guys 2,"['calendar_month', 'month']"
Holy Emperor!!! I asked you guys 2 months ago about,"['Astarte', 'Ashtoreth']"
Holy,"['emperor', 'emperor_moth', 'Saturnia_pavonia', 'emperor_butterfly']"
"Now when you say ""mask"" that doesnt just exclusively mean ""ale"" right? ""rotherhoo"" always actually referred to all genders right?","['brotherhood', 'fraternity', 'sodality', 'union', 'labor_union', 'trade_union', 'trades_union']"
"Now when you say ""rotherhoo"" that doesnt just exclusively mean ""mask"" right? ""rotherhoo"" always actually referred to all genders right?","['male', 'male_person', 'Male']"
"Now when you say ""rotherhoo"" that doesnt just exclusively mean ""ale"" right? ""rotherhoo"" always actually referred to all","['gender', 'grammatical_gender', 'sex', 'sexuality']"
Katt is my favorite comedian with George Carlin. Impactful,"['citizenry', 'multitude', 'the_great_unwashed', 'mass', 'hoi_polloi']"
Katt is my favorite comedian with George Carlin. Impactful people.,['thanks']
Katt is my favorite comedian with George Carlin. Impactful people. Thanks for that,"['mo', 'minute', 'consequence', 'here_and_now', 'instant', 'import', 'second', 'bit', 'moment']"
@uatu3751 He was meaning that God is the only,"['thing', 'matter', 'affair']"
@uatu3751 He was meaning that God is the only thing that,"['thing', 'issue', 'matter', 'topic', 'subject']"
Boosted boiz went there gonna be a sikk,"['lead', 'data_track', 'caterpillar_tread', 'rails']"
This is why I pay for Warhammer,"['goggle_box', 'TV', 'telecasting', 'tv', 'telly', 'video']"
You don’t,['get']
You don’t get to bring a,"['protagonist', 'friend', 'acquaintance', 'admirer', 'Friend', 'Quaker']"
Damb 2025 is the,"['yr', 'twelvemonth', 'class']"
Damb 2025 is the year of heavy,"['slugger', 'hitter', 'striker', 'batter']"
Damb 2025 is the year of heavy hitter i suppose. Doom,"['dark', 'darkness', 'iniquity', 'wickedness', 'shadow']"
No its alot more than that. He would do this to any,"['cleaning_lady', 'woman', 'adult_female', 'cleaning_woman', 'char']"
Scaling,"['place', 'outer_space', 'space', 'blank_space', 'distance', 'infinite']"
Scaling space,"['devil_dog', 'shipboard_soldier', 'leatherneck', 'marine', 'Marine']"
Scaling space marines to believable,"['proportion', 'dimension', 'symmetry', 'ratio', 'proportionality', 'balance']"
2:15 good,"['result', 'resolution', 'solvent']"
2:15 good answer for a dumb,"['arsenic', 'fanny', 'derriere', 'seat', 'screwing']"
2:15 good answer for a dumb ass,"['enquiry', 'motion', 'question']"
Everything is,"['percept', 'perception', 'perceptual_experience', 'sensing']"
By the,"['emperor', 'emperor_moth', 'Saturnia_pavonia', 'emperor_butterfly']"
By the emperor and,"['god', 'immortal', 'Supreme_Being', 'divinity']"
By the emperor and gods in the,"['deflection', 'warp', 'buckle', 'warping']"
Hell everybody knows that one,"['homo', 'piece', 'military_personnel']"
The,"['sequel', 'subsequence', 'continuation']"
The sequel was a,"['surprise', 'surprisal']"
These,"['people', 'citizenry', 'multitude', 'masses', 'mass', 'hoi_polloi', 'the_great_unwashed']"
These people are true,"['virtuoso', 'sensation', 'whizz', 'headliner', 'principal']"
He’s making her,"['smell', 'flavour', 'tactile_property', 'flavor', 'spirit', 'feeling', 'tone', 'feel']"
He’s making her feel as though it’s her,"['faulting', 'mistake', 'shift', 'break', 'geological_fault']"
He’s making her,"['feel', 'spirit', 'tone', 'feeling', 'flavor', 'flavour', 'look', 'smell', 'tactile_property']"
He’s making her feel as though it’s her fault that HE doesn’t feel ready. I take back further below when I said I think he’s a,"['narcissist', 'narcist']"
He’s making her feel as though it’s her fault that HE doesn’t feel ready. I take back further below when I said I think he’s a narcissist… He’s a full blown narcissist and I’m so happy she’s not with him. Shes going to find her,"['married_person', 'collaborator', 'partner', 'pardner', 'mate', 'better_half']"
He’s making her feel as though it’s her fault that HE doesn’t feel ready. I take back further below when I said I think he’s a narcissist… He’s a full blown narcissist and I’m so happy she’s not with him. Shes going to find her partner and look back on this,"['relationship', 'human_relationship', 'kinship', 'family_relationship']"
"@CccKkkk-f4j your username almost spells ""mask"". you have no room to talk liberal lol","['peter', 'stopcock', 'rooster', 'tool', 'turncock', 'cock', 'pecker', 'putz', 'prick', 'shaft']"
"@CccKkkk-f4j your username almost spells ""oc"". you have no","['room', 'way', 'elbow_room']"
this is a,"['sequel', 'subsequence', 'continuation']"
"this is a sequel to syama pedersens ""mask"" animation. its on youtube","['Astarte', 'Ashtoreth']"
"this is a sequel to syama pedersens ""starte""","['vivification', 'vitality', 'liveliness', 'animation', 'aliveness']"
<mask>! GET THE CAMERA!! MOOOOOOM!!!!,"['mummy', 'ma', 'mama', 'mammy', 'mommy']"
MOM! GET THE,"['camera', 'photographic_camera', 'television_camera', 'tv_camera']"
Oh my,"['divinity', 'God', 'idol', 'god', 'Supreme_Being', 'graven_image', 'deity']"
This is what Ive been holing out for Comedy without,"['apology', 'apologia', 'excuse']"
This is what Ive been holing out for Comedy without apology letem,"['peal', 'ringlet', 'bowl', 'curlicue', 'drum_roll']"
The,['chapter']
The Chapter might lose us and the,"['empire', 'imperium']"
@dontbetreadin4777 bc that’s their only,"['lineament', 'calibre', 'caliber', 'character', 'timbre', 'tone']"
Every January we have to see who gets the Katt Williams,"['interview', 'consultation', 'audience']"
Every January we have to see who gets the Katt Williams interview that sets in,"['motility', 'question', 'gesture', 'motion', 'apparent_motion', 'movement']"
Every January we have to see who gets the Katt Williams interview that sets in motion the,"['future', 'hereafter', 'futurity', 'time_to_come', 'future_tense']"
Every January we have to see who gets the Katt Williams interview that sets in motion the future. Last,"['year', 'class', 'yr']"
Old,['helmet']
“Put a,"['jook_joint', 'jook', 'juke', 'jook_house']"
Finally the Emperor’s,"['justice', 'justness', 'judge', 'jurist', 'Department_of_Justice', 'Justice_Department', 'Justice', 'DoJ']"
Rachael is so beautifully feminine. I hope she finds her true masculine,"['comrade', 'associate', 'fellow_traveler', 'companion', 'fellow_traveller']"
Rachael is a,"['precious_stone', 'stone', 'muffin', 'gemstone', 'gem', 'treasure']"
Rachael is a gem I hope she gets her,"['self-assurance', 'assurance', 'confidence', 'self-confidence', 'trust', 'authority']"
Rachael is a gem I hope she gets her confidence back!! Give it 6,"['calendar_month', 'month']"
Rachael is a gem I hope she gets her confidence back!! Give it 6 months Rachael to just breathe again and then start posting the thirst,"['ambush', 'ambuscade', 'yap', 'sand_trap', 'trap', 'bunker']"
<mask> are pretty easy to do,['Asiatic']
Well I guess I won’t be doing shit for the next two,"['hours', 'hr', 'time_of_day', 'minute']"
Finally. FINALLY. FIIIIIIINNNNNNNNNNAAAAALLLLLLLLLLYYYYYY. Give it to us NOW! Take my,"['soul', 'psyche', 'person', 'individual', 'someone', 'somebody', 'mortal', 'soulfulness']"
Finally. FINALLY. FIIIIIIINNNNNNNNNNAAAAALLLLLLLLLLYYYYYY. Give it to us NOW! Take my soul in,"['exchange', 'interchange', 'central', 'telephone_exchange', 'rally', 'substitution', 'commutation']"
My Firstborn,"['stock', 'descent', 'parentage', 'rake', 'roue']"
Katt quoting Theo Vonn jokes has to be a peak,"['lifespan', 'spirit', 'life_sentence', 'life_story', 'liveliness']"
Katt quoting Theo Vonn jokes has to be a peak life,"['present_moment', 'second', 'consequence', 'minute', 'bit', 'instant']"
Dave’s,"['dada', 'dad', 'pappa', 'daddy', 'pa']"
Dave’s dad lived in Ohio and he would spend his,"['metre', 'clip', 'sentence', 'fourth_dimension', 'time']"
“How you gon let a whole,"['city', 'metropolis', 'urban_center']"
“How you gon let a whole city burn down but you ain’t let a,"['Brother', 'blood_brother', 'comrade', 'crony', 'sidekick', 'chum']"
“How you gon let a whole city burn down but you ain’t let a brother smoke a,['menthol']
She is waaaay too,"['kind', 'sort', 'form', 'variety']"
She is waaaay too kind to him and gentle. I hope she gets every,"['sum', 'sum_of_money', 'amount', 'amount_of_money', 'measure', 'quantity', 'total']"
She is waaaay too kind to him and gentle. I hope she gets every amount of,"['sexual_love', 'beloved', 'passion', 'erotic_love', 'lovemaking', 'honey', 'dear', 'dearest', 'love_life', 'making_love']"
She is waaaay too kind to him and gentle. I hope she gets every amount of love she deserves and,"['validation', 'proof', 'substantiation', 'establishment']"
ugh - this is an avoidants,"['convention', 'form', 'blueprint', 'figure', 'rule']"
ugh - this is an avoidants pattern I fear. I know it all too well. you helped validate a,"['good_deal', 'quite_a_little', 'set', 'mountain', 'lot', 'deal', 'flock']"
ugh - this is an avoidants pattern I fear. I know it all too well. you helped validate a lot of,"['hoi_polloi', 'the_great_unwashed']"
ugh - this is an avoidants pattern I fear. I know it all too well. you helped validate a lot of peoples,['experience']
@NothingButDanks agree about,"['self', 'ego']"
@NothingButDanks agree about self,"['passion', 'honey', 'making_love', 'dear', 'dearest', 'beloved', 'love', 'love_life', 'sexual_love', 'erotic_love']"
@NothingButDanks agree about,"['self', 'ego']"
@NothingButDanks agree about self love... but your self is not your,"['subspecies', 'wash', 'backwash', 'slipstream', 'race']"
@NothingButDanks agree about self love... but your self is not your race... even katt says this when he says theo would be theo no,"['issue', 'subject', 'thing', 'affair', 'topic']"
@NothingButDanks agree about self love... but your self is not your,"['slipstream', 'airstream', 'race', 'raceway', 'subspecies']"
The immediate,"['pivot', 'pivot_man', 'pin']"
If evil can’t,"['entree', 'access', 'accession', 'admission', 'admittance', 'approach', 'access_code', 'memory_access']"
If evil can’t access you underwater then explain to me why,['shark']
If evil can’t access you underwater then explain to me why shark,"['flak', 'fire', 'attack', 'onrush', 'blast', 'onset', 'tone-beginning', 'plan_of_attack']"
If evil can’t access you underwater then explain to me why shark attacks happen storms overcome,['ship']
If evil can’t access you under<mask> then explain to me why shark attacks happen storms overcome ships etc. I love surfing but everytime I’m in the water I am aware sharks live there.,"['water_system', 'urine', 'piss', 'water', 'weewee', 'piddle']"
If evil can’t access you underwater then explain to me why shark attacks happen storms overcome ships etc. I love surfing but everytime I’m in the water I am aware,['shark']
8:19 I was doing this,['yesterday']
8:19 I was doing this yesterday and it spawned me high up but not on the,"['sway', 'John_Rock', 'rock_and_roll', 'rock', ""rock_'n'_roll""]"
8:19 I was doing this yesterday and it spawned me high up but not on the rock I just fell from a high,"['meridian', 'tallness', 'summit', 'elevation', 'height']"
First CHD,"['pod', 'cod', 'seedcase', 'seedpod', 'fuel_pod']"
First CHD pod and can I just say it loud enough for everyone in the,"['rachis', 'spinal_column', 'vertebral_column', 'book_binding', 'binding']"
First CHD pod and can I just say it loud enough for everyone in the back unshare your,"['fix', 'position', 'locating', 'localisation', 'location']"
She only had 4,"['age', 'long_time', 'days', 'class', 'twelvemonth']"
She only had 4 years to show him she has wifey,"['character', 'lineament', 'quality', 'caliber']"
She only had 4 years to show him she has wifey qualities. She failed. Of,"['track', 'course_of_instruction', 'line', 'trend', 'form', 'row']"
She only had 4 years to show him she has wifey qualities. She failed. Of course she was blindsided....<mask> women never see anything wrong with them. Marriage doesnt benefit men anyway. Women want selective traditionalism only when it benefits them. But they dont want to be traditional in other ways that benefits men. Its very telling that Racheal played the biggest fake victim role on this 304s podcast. W Matt for dodging this bullet!,"['causal_agent', 'case', 'causa', 'causal_agency', 'crusade']"
She only had 4 years to show him she has wifey qualities. She failed. Of course she was blindsided....cause,"['cleaning_woman', 'cleaning_lady', 'womanhood', 'char']"
She only had 4 years to show him she has wifey qualities. She failed. Of course she was blindsided....cause women never see anything wrong with them. Marriage doesnt,"['benefit', 'welfare']"
She only had 4 years to show him she has wifey qualities. She failed. Of course she was blindsided....cause wo<mask> never see anything wrong with them. Marriage doesnt benefit men anyway. Women want selective traditionalism only when it benefits them. But they dont want to be traditional in other ways that benefits men. Its very telling that Racheal played the biggest fake victim role on this 304s podcast. W Matt for dodging this bullet!,"['piece', 'men', 'military_man', 'work_force', 'hands']"
She only had 4 years to show him she has wifey qualities. She failed. Of course she was blindsided....cause women never see anything wrong with them. Marriage doesnt benefit men anyway. Women want selective,"['traditionalism', 'traditionality']"
She only had 4 years to show him she has wifey qualities. She failed. Of course she was blindsided....cause women never see anything wrong with them. Marriage doesnt benefit men anyway. Women want selective traditionalism only when it,"['benefit', 'welfare']"
She only had 4 years to show him she has wifey qualities. She failed. Of course she was blindsided....cause women never see anything wrong with them. Marriage doesnt benefit men anyway. Women want selective traditionalism only when it benefits them. But they dont want to be traditional in other,"['slipway', 'means', 'room', 'path', 'way']"
She only had 4 years to show him she has wifey qualities. She failed. Of course she was blindsided....cause women never see anything wrong with them. Marriage doesnt benefit men anyway. Women want selective traditionalism only when it,"['benefit', 'welfare']"
She only had 4 years to show him she has wifey qualities. She failed. Of course she was blindsided....cause wo<mask> never see anything wrong with them. Marriage doesnt benefit men anyway. Women want selective traditionalism only when it benefits them. But they dont want to be traditional in other ways that benefits men. Its very telling that Racheal played the biggest fake victim role on this 304s podcast. W Matt for dodging this bullet!,"['men', 'human_beings', 'humans', 'hands']"
She only had 4 years to show him she has wifey qualities. She failed. Of course she was blindsided....cause women never see anything wrong with them. Marriage doesnt benefit men anyway. Women want selective traditionalism only when it benefits them. But they dont want to be traditional in other ways that benefits men. Its very telling that Racheal played the biggest fake victim,"['purpose', 'character', 'persona', 'office', 'theatrical_role']"
She only had 4 years to show him she has wifey qualities. She failed. Of course she was blindsided....cause women never see anything wrong with them. Marriage doesnt benefit men anyway. Women want selective traditionalism only when it benefits them. But they dont want to be traditional in other ways that benefits men. Its very telling that Racheal played the biggest fake victim role on this 304s podcast. W Matt for dodging this,"['hummer', 'bullet_train', 'heater', 'smoke', 'slug']"
Stop protecting him hes a shit,"['person', 'individual', 'someone', 'somebody', 'mortal', 'soul']"
Stop protecting him hes a shit person. Chin up and you are SO better off. You will realize all of your,"['impression', 'flavour', 'tactual_sensation']"
Stop protecting him,"['atomic_number_2', 'he']"
Stop protecting him hes a shit,"['somebody', 'someone', 'soul', 'individual', 'mortal']"
Stop protecting him hes a shit person. Chin up and you are SO better off. You will realize all of your feelings are valid and you WILL see hes a manipulative person. All of your,"['dream', 'dreaming', 'ambition', 'aspiration', 'pipe_dream']"
What it takes to be a,"['winner', 'victor', 'achiever', 'success', 'succeeder']"
What it takes to be a winner: 1hr 21min. This is my favorite Katt Williams,"['interview', 'consultation', 'audience']"
What it takes to be a winner: 1hr 21min. This is my favorite Katt Williams interview. It was so natural and real. @theo thank u. This is that,"['gold', 'amber', 'Au', 'atomic_number_79']"
I live just down the,"['road', 'route']"
I live just down the road from lead,"['poison', 'toxicant', 'poisonous_substance']"
I live just down the road from lead poison,"['city', 'metropolis', 'urban_center']"
I live just down the road from lead poison city and me n,"['Quaker', 'acquaintance', 'supporter', 'champion', 'booster']"
I live just down the road from lead poison city and me n friends will never go there its just a,['money']
I live just down the road from lead poison city and me n friends will never go there its just a money,"['grab', 'catch', 'snatch', 'snap']"
I live just down the road from lead poison city and me n friends will never go there its just a money grab,"['way_of_life', 'direction', 'path', 'mode', 'fashion', 'style']"
So so happy to see Tom McGilton. An Whynot,"['camera', 'photographic_camera', 'television_camera', 'tv_camera']"
So so happy to see Tom McGilton. An Whynot camera back in,"['action_mechanism', 'activeness', 'action', 'military_action', 'natural_process']"
So so happy to see Tom McGilton. An Whynot camera back in action missed that,"['motorcar', 'elevator_car', 'railway_car', 'car']"
So good. I hope Theo can sit back and see what happened here if he didnt,"['observation', 'observance', 'card', 'posting', 'placard']"
So good. I hope Theo can sit back and see what happened here if he didnt notice it. Kat said and showed Theo at every,"['luck', 'opportunity', 'fortune', 'prospect']"
So good. I hope Theo can sit back and see what happened here if he didnt notice it. Kat said and showed Theo at every chance he had how great he is and how much,"['respect', 'regard', 'esteem', 'deference', 'obedience', 'respectfulness']"
So good. I hope Theo can sit back and see what happened here if he didnt notice it. Kat said and showed Theo at every chance he had how great he is and how much respect Kat has for him and his,"['body_of_work', 'workplace', 'employment', 'oeuvre', 'study']"
So good. I hope Theo can sit back and see what happened here if he didnt notice it. Kat said and showed Theo at every chance he had how great he is and how much respect Kat has for him and his work. First,"['metre', 'clip', 'clock_time', 'prison_term', 'fourth_dimension']"
So good. I hope Theo can sit back and see what happened here if he didnt notice it. Kat said and showed Theo at every chance he had how great he is and how much respect Kat has for him and his work. First time Ive seen,"['individual', 'soul', 'mortal']"
So good. I hope Theo can sit back and see what happened here if he didnt notice it. Kat said and showed Theo at every chance he had how great he is and how much respect Kat has for him and his work. First time Ive seen someone,"['radiance', 'radiancy', 'shine', 'effulgence', 'refulgence', 'refulgency']"
So good. I hope Theo can sit back and see what happened here if he didnt notice it. Kat said and showed Theo at every chance he had how great he is and how much respect Kat has for him and his work. First time Ive seen someone shine,"['light_source', 'lighter', 'sparkle', 'ignitor', 'visible_radiation']"
So good. I hope Theo can sit back and see what happened here if he didnt notice it. Kat said and showed Theo at every chance he had how great he is and how much respect Kat has for him and his work. First,"['prison_term', 'sentence', 'time']"
Havent checked on Theo in a,"['while', 'piece', 'spell', 'patch']"
Havent checked on Theo in a while I see,"['helium', 'atomic_number_2', 'he']"
Havent checked on Theo in a while I see hes in his 90s rural,"['gun', 'gas']"
Havent checked on Theo in a while I see hes in his 90s rural gas,"['station', 'place', 'post']"
Havent checked on Theo in a while I see hes in his 90s rural gas station,"['clerk', 'salesclerk', 'shop_clerk', 'shop_assistant']"
Havent checked on Theo in a while I see hes in his 90s rural gas station clerk,"['ERA', 'geological_era', 'era', 'epoch']"
great to see more from the,"['shaper', 'Godhead', 'manufacturing_business']"
great to see more from the maker of Astartes! he was awesome in Secret Level GW really needs to utilize their creative,"['endowment', 'gift', 'talent', 'natural_endowment']"
She should have been dumped from the,"['jump', 'outset', 'get-go', 'start', 'starting_line', 'offset']"
She should have been dumped from the start for her,"['plantation', 'Plantation', 'grove', 'woodlet', 'orchard']"
She should have been dumped from the start for her plantation,"['devilment', 'guile', 'mischievousness', 'chicane', 'trickery', 'shenanigan']"
I wish I had one of those black,"['woman', 'adult_female', 'charwoman', 'char', 'cleaning_woman', 'cleaning_lady', 'womanhood', 'fair_sex']"
I wish I had one of those black women on the,"['horizon', 'apparent_horizon', 'visible_horizon', 'sensible_horizon', 'skyline', 'view', 'purview', 'celestial_horizon']"
I wish I had one of those black women on the horizon I really do. Im terrible with the unknown and they are unknown to me that,"['kind', 'sort', 'form', 'variety']"
É Isso que,"['EU', 'Common_Market', 'EC', 'atomic_number_63']"
É Isso que eu chamo de felicidade acordar e se deparar com um anuncio do kct de uma nova animação de Astartes! Obrigado aos,['Senor']
É Isso que eu chamo de felicidade acordar e se deparar com um anuncio do kct de uma nova animação de Astartes! Obrigado aos senores envolvidos vcs fizeram meu,"['Defense_Intelligence_Agency', 'DIA']"
<mask> Shall Escape Our Wrath! For The Emperor!,"['Nan', 'grandma', 'grannie', 'naan', 'gran', 'granny']"
None Shall Escape Our,"['wrath', 'anger', 'ire', 'ira']"
None Shall Escape Our Wrath! For The,"['emperor', 'emperor_moth', 'Saturnia_pavonia', 'emperor_butterfly']"
If Katt Williams said to me “<mask> like you and I” I wouldn’t sleep for three days!! Theo looks so happy loving this and only 15mins in,"['the_great_unwashed', 'mass', 'hoi_polloi']"
If Katt Williams said to me “people like you and I” I wouldn’t,"['sleep', 'slumber', 'sopor', 'nap', 'rest', 'eternal_rest', 'eternal_sleep', 'quietus']"
If Katt Williams said to me “people like you and I” I wouldn’t sleep for three,"['daylight', 'days', 'mean_solar_day', 'twenty-four_hour_period']"
These two are,"['brother', 'Brother', 'blood_brother', 'sidekick', 'buddy', 'chum']"
These two are brothers from another,"['mother', 'female_parent']"
lol this is why you don’t have 2 compulsive,"['liar', 'prevaricator']"
lol this is why you don’t have 2 compulsive liars have a,['conversation']
What really has me interested and even excited about it is the,"['mental_representation', 'histrionics', 'theatrical', 'delegacy']"
What really has me interested and even excited about it is the representation of the OTHER 40k,"['sect', 'faction', 'junto', 'cabal']"
What really has me interested and even excited about it is the representation of the OTHER 40k factions in this. Chaos,"['shipboard_soldier', 'Marine', 'leatherneck']"
What really has me interested and even excited about it is the representation of the OTHER 40k factions in this. Chaos marines Tau Orks. Well probably see the pointy eared,"['shit', 'bunghole', 'prick']"
00:35,"['game', 'plot', 'secret_plan', 'biz']"
00:35 games workshop deleted the,"['lamenter', 'griever', 'sorrower']"
Spun twice second,"['clip', 'time', 'fourth_dimension']"
Spun tw<mask> second time. Got the ice staff,"['icing', 'shabu', 'sparkler']"
Spun twice second time. Got the ice,"['staff', 'faculty', 'stave']"
Could listen to you both all,"['night', 'nighttime', 'dark', 'Nox', 'Night']"
It’s so cool seeing Theo make Katy,"['laugh', 'laughter', 'joke', 'gag', 'jest', 'jape']"
It’s so cool seeing Theo make Katy laugh so genuinely. truly a,"['skipper', 'captain', 'headmaster', 'original', 'passe-partout']"
It’s so cool seeing Theo make Katy laugh so genuinely. truly a master of the,"['workmanship', 'wiliness', 'craftsmanship', 'craft', 'guile']"
HELL YEAH!!! This concludes my,"['view', 'intellection', 'persuasion', 'thinking', 'idea']"
HELL YEAH!!! This concludes my thoughts on the,"['subject', 'issue', 'affair', 'matter', 'topic']"
HELL YEAH!!! This concludes my thoughts on the matter. Have a good,"['twenty-four_hour_period', 'twenty-four_hours', 'sidereal_day', 'solar_day']"
Katt interviewed by mediocre white,"['comedian', 'comic']"
pederson was also involved in the WH40K,"['episode', 'installment', 'instalment', 'sequence']"
pederson was also involved in the WH40K episode of secret,"['tier', 'point', 'degree', 'floor']"
<mask>! May God continue to bless you!,"['praise', 'congratulations', 'kudos', 'extolment', 'congratulation', 'felicitation']"
The,"['introduction', 'base', 'understructure', 'foundation_garment', 'basis', 'origination', 'fundament', 'innovation']"
The foundation was so shaky - and him not following his,"['Book', 'Logos', 'intelligence', 'row', 'give-and-take']"
The foundation was so shaky - and him not following his words with,"['activity', 'action', 'natural_process', 'action_mechanism']"
"The foundation was so shaky - and him not following his words with actions plus keeping her in ""aiting <mask"" left her feeling insecure..mind games gaslighting cognitive dissonance...my heart goes out to her. I dont think she realizes how beautiful she truly is..inside & out..","['mode', 'modality', 'modal_value']"
"The foundation was so shaky - and him not following his words with actions plus keeping her in ""aiting mod"" left her feeling insecure..<mask> games gaslighting cognitive dissonance...my heart goes out to her. I dont think she realizes how beautiful she truly is..inside & out..","['mind', 'nous', 'brain', 'thinker', 'creative_thinker', 'judgement', 'psyche', 'judgment']"
"The foundation was so shaky - and him not following his words with actions plus keeping her in ""aiting mod"" left her feeling insecure..mind","['plot', 'biz', 'secret_plan']"
"The foundation was so shaky - and him not following his words with actions plus keeping her in ""aiting mod"" left her feeling insecure..mind games gaslighting cognitive","['disagreement', 'dissension', 'dissonance', 'noise', 'racket']"
"The foundation was so shaky - and him not following his words with actions plus keeping her in ""aiting mod"" left her feeling insecure..mind games gaslighting cognitive dissonance...my","['spirit', 'tenderness', 'essence', 'marrow', 'center']"
once every full,"['moonlight', 'Sun_Myung_Moon', 'lunation', 'moonshine', 'lunar_month']"
once every full moon gw turns on the,['money']
once every full moon gw turns on the money,"['car', 'political_machine', 'automobile', 'machine', 'motorcar']"
once every full moon gw turns on the money machine cuz they are afraid it will stop,"['working', 'workings']"
when i go into the,"['dark', 'darkness', 'iniquity', 'wickedness', 'shadow', 'night', 'nighttime']"
when i go into the dark,"['Aether', 'ether', 'aether']"
when i go into the dark aether to do the orb,"['tone', 'pace', 'footstep', 'dance_step', 'whole_step', 'whole_tone', 'footmark', 'footprint']"
when i go into the dark aether to do the orb step i just,"['tumble', 'fall', 'gloam', 'surrender', 'declension', 'declination', 'decline', 'descent', 'dip', 'Fall']"
when i go into the dark aether to do the orb step i just fall to my,"['death', 'decease', 'expiry', 'dying', 'demise', 'last', 'Death', 'end', 'destruction']"
when i go into the dark aether to do the orb step i just fall to my death any,"['means', 'direction', 'way', 'agency', 'elbow_room', 'way_of_life']"
If Astartes was so good why is there an,"['Astarte', 'Ashtoreth']"
This has got to be the chilliest and most organic podcast,"['episode', 'installment', 'instalment', 'sequence']"
Man so cool to see these,"['guy_wire', 'cat', 'guy_cable', 'Guy', 'guy_rope', 'bozo']"
Man so cool to see these guys together I was nervous for Theo his,"['expressive_style', 'way', 'stylus', 'elan', 'style', 'mode', 'fashion', 'trend']"
Man so cool to see these guys together I was nervous for Theo his style and,"['randomness', 'haphazardness', 'stochasticity', 'S', 'entropy']"
Man so cool to see these guys together I was nervous for Theo his style and randomness played well with Katt though. Funny,"['combination', 'combining', 'compounding']"
Man so cool to see these guys together I was nervous for Theo his style and randomness played well with Katt though. Funny combination of,"['fashion_plate', 'swell', 'dandy', 'gallant', 'clotheshorse']"
Man so cool to see these guys together I was nervous for Theo his style and randomness played well with Katt though. Funny combination of dudes right here from two,"['English', 'incline', 'slope', 'side_of_meat', 'position']"
Man so cool to see these guys together I was nervous for Theo his style and randomness played well with Katt though. Funny combination of dudes right here from two sides of,"['comedy', 'drollery', 'clowning', 'funniness']"
39:45 Being such a superb,['specimen']
39:45 Being such a superb specimen that you got your,"['derriere', 'can', 'shtup', 'screwing', 'rump']"
39:45 Being such a superb specimen that you got your ass,"['pulse', 'beatnik', 'measure', 'round', 'rhythm']"
39:45 Being such a superb specimen that you got your ass beat by an 8th,['grader']
<mask> AND HONOR SUFFER NOT THE ALIEN TO LIVE!,"['courage', 'courageousness', 'bravery', 'braveness']"
THIS IS SOME THERAPEUTIC SHIT. The,"['gloriole', 'halo', 'nimbus', 'aura', 'glory']"
THIS IS SOME THERAPEUTIC SHIT. The aura of these,"['mankind', 'serviceman', 'human_race', 'military_man', 'Isle_of_Man', 'military_personnel', 'manpower']"
THIS IS SOME THERAPEUTIC SHIT. The aura of these men??!! The bleeding,"['eye', 'mettle', 'philia', 'gist', 'spirit', 'core', 'ticker']"
THIS IS SOME THERAPEUTIC SHIT. The aura of these men??!! The bleeding heart,"['revelation', 'disclosure', 'Book_of_Revelation', 'Apocalypse', 'revealing']"
THIS IS SOME THERAPEUTIC SHIT. The aura of these men??!! The bleeding heart revelations paralleled by their effortless comedic,"['substitute', 'ease', 'rilievo', 'rest_period', 'backup']"
THIS IS SOME THERAPEUTIC SHIT. The aura of these men??!! The bleeding he<mask> revelations paralleled by their effortless comedic relief is living art.,"['art', 'fine_art', 'artistic_creation', 'artistic_production', 'artistry', 'prowess', 'artwork', 'graphics', 'nontextual_matter']"
Katt knows a,"['batch', 'raft', 'plenty', 'peck', 'pot']"
Katt knows a lot about Theo. Respect both,"['path', 'room', 'elbow_room']"
Early on....freudian,"['shift', 'elusion', 'berth', 'slip_of_paper', 'moorage']"
Early on....freudian slip by Theo when Katt asks him if he is feeling the,"['air_pressure', 'pressure', 'pressure_sensation', 'imperativeness', 'pressure_level', 'pressing']"
Early on....freudian slip by Theo when Katt asks him if he is feeling the pressure of the,"['interview', 'consultation', 'audience']"
Early on....freudian slip by Theo when Katt asks him if he is feeling the pressure of the interview -- its clear he didnt do proper,"['research', 'inquiry', 'enquiry']"
Early on....freudian slip by Theo when Katt asks him if he is feeling the pressure of the interview -- its clear he didnt do proper research to not know Dave Chapelle isnt originally from Ohio annnnnd Hiroshima - I mean good,"['grief', 'heartache', 'heartbreak', 'brokenheartedness', 'sorrow']"
Early on....freudian slip by Theo when Katt asks him if he is feeling the pressure of the interview -- its clear he didnt do proper research to not know Dave Chapelle isnt originally from Ohio annnnnd Hiroshima - I mean good grief those are layup-level,"['cognition', 'knowledge', 'noesis']"
I’m not sneakin around,"['corner', 'street_corner', 'box', 'recession']"
I’m not sneakin around corners or nothin but it’s nice to see Theo get some,"['validation', 'proof', 'substantiation', 'establishment']"
I’m not sneakin around corners or nothin but it’s nice to see Theo get some validation from a,"['pal', 'crony', 'comrade', 'Brother', 'blood_brother', 'brother', 'chum']"
I love that,['buckskin']
I love that buckskin,"['jacket', 'crown', 'crownwork', 'jacket_crown', 'cap']"
I love that buckskin jacket Katt you read my,"['head', 'idea', 'thinker', 'judgment']"
<mask> he played her. why did the heck did he even go on the bachelor ugh,"['damn', 'darn', 'hoot', 'red_cent', 'shit', 'shucks', ""tinker's_damn"", ""tinker's_dam""]"
damn he played her. why did the heck did he even go on the,"['knight_bachelor', 'bachelor-at-arms', 'unmarried_man']"
I cannot believe they didnt,"['violence', 'effect', 'military_group', 'force_out', 'personnel']"
Wait who said its a whole,"['year', 'twelvemonth', 'yr', 'class']"
She doesnt appreciate herself enough. She seems like such a lovely,"['person', 'individual', 'someone', 'somebody', 'mortal', 'soul']"
She doesnt appreciate herself enough. She seems like such a lovely person. He looked like a,"['narcissist', 'narcist']"
She doesnt appreciate herself enough. She seems like such a lovely person. He looked like a narcissist always only obsessed with,"['eating', 'feeding']"
She doesnt appreciate herself enough. She seems like such a lovely person. He looked like a narcissist always only obsessed with eating and,"['exercise', 'exercising', 'physical_exercise', 'physical_exertion', 'workout']"
@bobaque70 they rright. Cleets vidya just said.. James,"['chemical_reaction', 'reaction', 'response']"
@bobaque70 they rright. Cleets vidya just said.. James reaction was 1.009 over a,"['second', 's', 'secant']"
@bobaque70 they rright. Cleets vidya just said.. James reaction was 1.009 over a sec so he got the 1sec,"['punishment', 'penalty', 'penalization', 'penalisation']"
Now we have three,"['interview', 'consultation', 'audience']"
Now we have three interviews where we see theo nervous af at the,"['first', 'starting_line', 'outset', 'head_start', 'get-go']"
Now we have three interviews where we see theo nervous af at the start for.... bernie,"['sander', 'electric_sander', 'drum_sander']"
Now we have three interviews where we see theo nervous af at the start for.... bernie sanders donald,"['horn', 'cornet', 'trumpet']"
Now we have three interviews where we see theo nervous af at the start for.... bernie sanders donald trump and now kat,"['Tennessee_Williams', 'Williams', 'Ted_Williams']"
The most boring podcast,"['guest', 'client', 'Edgar_Guest', 'Guest', 'Edgar_Albert_Guest']"
:c what happened to the,"['mourner', 'griever', 'sorrower', 'lamenter']"
:c what happened to the lamenter who punched,"['district_attorney', 'DA']"
:c what happened to the lamenter who punched,"['district_attorney', 'DA']"
:c what happened to the lamenter who punched da ork in da,"['facial_expression', 'face', 'boldness', 'font', 'aspect', 'nerve']"
is being a,['rapist']
is being a rapist one of the,['job']
Everyone is talking about the,['tau']
Everyone is talking about the tau and the,"['chaos', 'pandemonium', 'bedlam', 'topsy-turvydom', 'topsy-turvyness', 'Chaos']"
Everyone is talking about the tau and the chaos,"['Marine', 'leatherneck', 'marine']"
Everyone is talking about the tau and the chaos marines but is nobody going to talk about the cool chainsword,"['prospect', 'shot', 'aspect', 'panorama', 'fit', 'scene', 'view', 'conniption', 'scenery', 'tantrum']"
Everyone is talking about the tau and the chaos marines but is nobody going to talk about the cool chainsword scene with,"['pedigree', 'line_of_descent', 'stock', 'parentage', 'ancestry']"
Everyone is talking about the tau and the chaos marines but is nobody going to talk about the cool chainsword scene with blood,"['spatter', 'sputtering', 'splatter', 'splash', 'spattering', 'splattering', 'splutter']"
Everyone is talking about the tau and the chaos marines but is nobody going to talk about the cool chainsword scene with blood splattering and covering the,"['screenland', 'cover', 'CRT_screen', 'sieve', 'blind', 'projection_screen']"
Everyone is talking about the tau and the chaos marines but is nobody going to talk about the cool chainsword scene with blood splattering and covering the screen as,"['physical_body', 'human_body', 'chassis', 'shape', 'anatomy', 'flesh']"
Everyone is talking about the tau and the chaos marines but is nobody going to talk about the cool chainsword scene with blood splattering and covering the screen as flesh are ripped to shreds?? also can,"['person', 'individual', 'mortal', 'soul', 'somebody']"
Everyone is talking about the tau and the chaos marines but is nobody going to talk about the cool chainsword scene with blood splattering and covering the screen as flesh are ripped to shreds?? also can someone tell me the,"['name', 'gens', 'figure', 'public_figure', 'epithet']"
Everyone is talking about the tau and the chaos marines but is nobody going to talk about the cool chainsword scene with blood splattering and covering the screen as flesh are ripped to shreds?? also can someone tell me the name of the,"['Bradley', 'Thomas_Bradley', 'Tom_Bradley', 'Omar_Bradley', 'Omar_Nelson_Bradley']"
Everyone is talking about the tau and the chaos marines but is nobody going to talk about the cool chainsword scene with blood splattering and covering the screen as flesh are ripped to shreds?? also can someone tell me the name of the bradley looking,"['thing', 'matter', 'affair']"
I don’t think Katt is a bad,"['sheik', 'swell', 'buster', 'dandy', 'dude', 'beau', 'gallant', 'fellow', 'fop']"
I don’t think Katt is a bad dude but he’s one of those,"['guy', 'cat', 'hombre', 'bozo', 'Guy', 'guy_cable', 'guy_wire', 'guy_rope']"
I don’t think Katt is a bad dude but he’s one of those guys that thinks that everything he has to say is substantial. Just,"['malodor', 'malodour', 'stench', 'stink', 'reek', 'fetor', 'foetor', 'mephitis']"
I don’t think Katt is a bad dude but he’s one of those guys that thinks that everything he has to say is substantial. Just reeks of having an enormous,"['ego', 'egotism', 'self-importance', 'self']"
SOOOOOO BADASS!!! My,['testosterone']
SOOOOOO BADASS!!! My testosterone,"['horizontal_surface', 'layer', 'point', 'storey', 'spirit_level']"
I always thought she was the most gorgeous on the Bachelor and still is. Love her so much!! Hope her,"['self-assurance', 'authority', 'confidence', 'assurance', 'trust']"
I don’t understand Kats esoteric but also Christian,"['eyeshot', 'purview', 'vista', 'aspect', 'position', 'survey']"
I don’t understand Kats esoteric but also Christian view on,"['life_history', 'lifespan', 'animation', 'life_sentence', 'biography', 'sprightliness']"
Rachael is going to upgrade big,"['time', 'fourth_dimension', 'prison_term', 'clock_time', 'meter', 'sentence']"
I never forget a,"['thing', 'matter', 'affair']"
Can’t,"['delay', 'hold', 'postponement', 'waiting', 'wait']"
Can’t wait to watch this,['tonight']
Before o,"['scout', 'watch', 'spotter']"
there should be a,['university']
there should be a university where you can study Katt Williams and all the,"['teacher', 'instructor']"
@NERDYBRO-Unboxing redband is a,"['manufacturer', 'producer']"
Ngl Katt didnt bring the,"['vibraphone', 'vibraharp', 'vibes', 'vibration', 'vibe']"
<mask> of Medusa getting more content in one animation than the Iron Hands got in their entire history.,"['Word', 'boy', 'son', 'Logos']"
Sons of Medusa getting more content in one,"['brio', 'liveliness', 'vitality', 'aliveness', 'vivification', 'living', 'spiritedness']"
Sons of Medusa getting more content in one animation than the Iron Hands got in their entire,"['history', 'account', 'chronicle', 'story']"
he knew nick the,['rapist']
he knew nick the raper his full,"['name', 'gens', 'figure', 'public_figure', 'epithet']"
@dianeblake3645 He looks like a,['weasel']
@dianeblake3645 He looks like a weasel?? Ok,"['let', 'Army_of_the_Pure', 'Lashkar-e-Tayyiba', 'Lashkar-e-Taiba']"
@dianeblake3645 He looks like a weasel?? Ok let’s,"['stopover', 'arrest', 'blockage', 'block', 'full_point']"
I’m sorry but kat didn’t do no 200,"['push', 'pushing', 'thrust', 'energy', 'get-up-and-go', 'push_button', 'button']"
<mask> like you’re driving an email,"['tone', 'flavour', 'feeling', 'look', 'smell']"
feels like you’re driving an,"['electronic_mail', 'e-mail', 'email']"
yes i think the,"['Federal_Bureau_of_Investigation', 'FBI']"
yes i think the fbi do there,"['line', 'task', 'job', 'Book_of_Job', 'business', 'problem']"
You,"['guy_cable', 'guy', 'cat']"
You guys are a,"['red_cent', 'damn', ""tinker's_damn"", 'snort', 'darn', 'shit', 'shucks', 'boo', 'razzing']"
Saying he can’t live with her for religious,"['understanding', 'grounds', 'reason', 'rationality', 'ground']"
Saying he can’t live with her for religious reasons but can have,"['sex', 'sexual_activity', 'sexuality', 'gender', 'sexual_practice']"
Saying he can’t live with her for religious reasons but can have sex and expect her to act the,"['wife', 'married_woman']"
Saying he can’t live with her for religious reasons but can have sex and expect her to act the wife,"['component', 'share', 'portion', 'parting', 'persona']"
Saying he can’t live with her for religious reasons but can have sex and expect her to act the wife part without the,"['commitment', 'loyalty', 'allegiance', 'consignment', 'committedness', 'committal']"
Saying he can’t live with her for religious reasons but can have sex and expect her to act the wife,"['voice', 'theatrical_role', 'function', 'portion', 'character', 'role']"
Saying he can’t live with her for religious reasons but can have sex and expect her to act the wife part without the commitment from his part. This is why so many,"['woman', 'adult_female', 'charwoman', 'char', 'cleaning_woman', 'cleaning_lady', 'womanhood', 'fair_sex']"
Saying he can’t live with her for religious reasons but can have sex and expect her to act the wife part without the commitment from his part. This is why so many woman get so hurt because they play,"['sign_of_the_zodiac', 'household', 'star_sign']"
Saying he can’t live with her for religious reasons but can have sex and expect her to act the wife part without the commitment from his part. This is why so many woman get so hurt because they play house and the,"['Guy', 'guy_wire', 'bozo', 'guy_rope', 'guy_cable', 'hombre', 'cat']"
Saying he can’t live with her for religious reasons but can have sex and expect her to act the wife part without the commitment from his part. This is why so many woman get so hurt because they play house and the guy can just up and leave when he’s not feeling it anymore.,"['relationship', 'human_relationship', 'kinship', 'family_relationship']"
Saying he can’t live with her for religious reasons but can have sex and expect her to act the wife part without the commitment from his part. This is why so many woman get so hurt because they play house and the guy can just up and leave when he’s not feeling it anymore. Relationships are,"['workplace', 'oeuvre', 'work', 'study', 'body_of_work']"
Saying he can’t live with her for religious reasons but can have sex and expect her to act the wife part without the commitment from his part. This is why so many woman get so hurt because they play house and the guy can just up and leave when he’s not feeling it anymore. Relationships are work and it’s not about if you feel in,"['love', 'passion', 'beloved', 'dear', 'dearest', 'honey', 'sexual_love', 'erotic_love', 'lovemaking', 'making_love', 'love_life']"
Saying he can’t live with her for religious reasons but can have sex and expect her to act the wife part without the commitment from his part. This is why so many woman get so hurt because they play house and the guy can just up and leave when he’s not feeling it anymore. Relationships are work and it’s not about if you feel in love it’s about CHOOSING TO love that,"['person', 'individual', 'someone', 'somebody', 'mortal', 'soul']"
Saying he can’t live with her for religious reasons but can have sex and expect her to act the wife part without the commitment from his part. This is why so many woman get so hurt because they play house and the guy can just up and leave when he’s not feeling it anymore. Relationships are work and it’s not about if you feel in love it’s about CHOOSING TO love that person everyday despite their,"['defect', 'fault', 'flaw']"
Kat is totally right about Time. Big,"['lesson', 'example', 'deterrent_example', 'object_lesson', 'moral']"
Kat is totally right about Time. Big lesson. Kat has always been a modern,['philosopher']
This has got to be my fav Kat,"['interview', 'consultation', 'audience']"
This has got to be my fav Kat interview. Everything about it was so authentic… no hidden,"['agenda', 'docket', 'schedule', 'agendum', 'order_of_business']"
This has got to be my fav Kat interview. Everything about it was so authentic… no hidden agendas or,"['motivation', 'motive', 'need', 'motif']"
This has got to be my fav Kat interview. Everything about it was so authentic… no hidden agendas or motive. Kat passed some very important,"['cognition', 'knowledge', 'noesis']"
This has got to be my fav Kat interview. Everything about it was so authentic… no hidden agendas or motive. Kat passed some very important knowledge to Theo that I think he will appreciate even more as,"['time', 'clip', 'clock_time', 'fourth_dimension', 'meter', 'metre', 'prison_term', 'sentence']"
This has got to be my fav Kat interview. Everything about it was so authentic… no hidden agendas or motive. Kat passed some very important knowledge to Theo that I think he will appreciate even more as time goes by. I can’t,"['delay', 'hold', 'time_lag', 'postponement', 'wait', 'waiting']"
This has got to be my fav Kat interview. Everything about it was so authentic… no hidden agendas or motive. Kat passed some very important knowledge to Theo that I think he will appreciate even more as time goes by. I can’t wait to meet,"['somebody', 'individual', 'someone', 'person', 'soul']"
The,"['world', 'mankind', 'man']"
The world does not love Theo. I am here for Katt. Theo never thought that other,"['people', 'masses', 'hoi_polloi', 'mass']"
The world does not love Theo. I am here for Katt. Theo never thought that other,"['mass', 'multitude', 'citizenry', 'hoi_polloi']"
The world does not love Theo. I am here for Katt. Theo never thought that other people besides white people went to Heaven? WTH? Katt came on this,"['show', 'display', 'appearance']"
the black,"['peeress', 'Lady', 'noblewoman', 'madam', ""ma'am""]"
Kat ain’t do 200,"['pushup', 'press-up']"
@oliwialos3266 he maybe has been considering for a,"['while', 'piece', 'spell', 'patch']"
@oliwialos3266 he maybe has been considering for a while and waited because he did love her but finally ended,"['things', 'thing', 'matter', 'affair']"
Best,"['interview', 'consultation', 'audience']"
Best interview I’ve seen you do Alex. Championing her as you did at the,"['remainder', 'terminal', 'last', 'close', 'conclusion']"
Best interview I’ve seen you do Alex. Championing her as you did at the end bought a,"['tear', 'teardrop', 'rip', 'rent', 'snag', 'split', 'bust', 'binge', 'bout']"
Best interview I’ve seen you do Alex. Championing her as you did at the end bought a tear to my,"['eye', 'oculus', 'optic', 'center', 'centre', 'middle', 'heart']"
Best interview I’ve seen you do Alex. Championing her as you did at the end bought a tear to my eye. Really beautiful,"['hooey', 'material', 'clobber', 'stuff', 'stuff_and_nonsense']"
 By the Golden,"['pot', 'crapper', 'potty', 'can', 'commode', 'throne', 'stool']"
love this,"['talk', 'talking', 'lecture', 'public_lecture', 'talk_of_the_town']"
love this talk. we are eternal.,"['demise', 'last', 'Death', 'end', 'dying', 'destruction', 'death', 'decease']"
love this talk. we are eternal. death isnt real. there will be,['naysayer']
love this talk. we are eternal. death isnt real. there will be naysayers and,['hater']
love this talk. we are eternal. death isnt real. there will be naysayers and haters inevitably but this,"['human_beings', 'human_being', 'Isle_of_Man']"
love this talk. we are eternal. death isnt real. there will be naysayers and haters inevitably but this man is speaking,"['verity', 'trueness', 'truth', 'Truth', 'true_statement']"
This,"['one', 'ace', '1', 'single', 'I']"
This one was a little,['rough']
This one was a little rough at first. Katt wasnt really giving much and you could tell that Theo was having a hard,"['fourth_dimension', 'metre', 'prison_term', 'sentence', 'clock_time']"
This one was a little rough at first. Katt wasnt really giving much and you could tell that Theo was having a hard time. But Theo did one,"['thing', 'matter', 'affair']"
This one was a little rough at first. Katt wasnt really giving much and you could tell that Theo was having a hard time. But Theo did one thing and it shows how much he understands,"['hoi_polloi', 'mass', 'masses', 'the_great_unwashed']"
This one was a little rough at first. Katt wasnt really giving much and you could tell that Theo was having a hard time. But Theo did one thing and it shows how much he understands people. Katt was smoking and Theo asked if he could smoke with him and you could literally see the Katts,"['cuticle', 'case', 'casing', 'eggshell', 'shell', 'shield']"
This one was a little rough at first. Katt wasnt really giving much and you could tell that Theo was having a hard time. But Theo did one thing and it shows how much he understands people. Katt was smoking and Theo asked if he could smoke with him and you could literally see the Katts shell fall off and his,"['puff', 'quilt', 'solace', 'comfortableness', 'comfort']"
This one was a little rough at first. Katt wasnt really giving much and you could tell that Theo was having a hard time. But Theo did one thing and it shows how much he understands people. Katt was smoking and Theo asked if he could smoke with him and you could literally see the Katts shell fall off and his comfort,"['storey', 'stratum', 'horizontal_surface']"
This one was a little rough at first. Katt wasnt really giving much and you could tell that Theo was having a hard time. But Theo did one thing and it shows how much he understands people. Katt was smoking and Theo asked if he could smoke with him and you could literally see the Katts shell fall off and his comfort level increased after that. He laughed alot more and even played off of Theos,"['number', 'bite', 'turn']"
@ Orange and yellow are the same,"['coloration', 'vividness', 'people_of_color']"
@ Orange and yellow are the same color to me,['thanks']
@teneightroundteneightround6675 He was laughing at his own,"['words', 'Christian_Bible', 'parole', 'quarrel', 'language', 'news', 'wrangle', 'give-and-take']"
Cant,"['delay', 'hold', 'time_lag', 'postponement', 'wait', 'waiting']"
The,"['chief', 'boss', 'honcho', 'gaffer', 'hirer', 'political_boss']"
The boss is an,"['object', 'objective', 'target', 'physical_object']"
<mask> like a PS2 cinematic NGL,"['looking_at', 'face', 'flavour', 'expression']"
Damn now I have to do a Necrons,"['move', 'relocation', 'motion', 'movement', 'motility']"
Damn now I have to do a Necrons move and,"['sleep', 'slumber', 'sopor', 'nap', 'rest', 'eternal_rest', 'eternal_sleep', 'quietus']"
Damn now I have to do a Necrons move and sleep until 2026 because I cant,"['delay', 'hold', 'time_lag', 'postponement', 'wait', 'waiting']"
“You seem like a mythical,"['build', 'figure', 'bod', 'public_figure', 'material_body']"
“You seem like a mythical figure “ “Yeah”,"['sparkle', 'igniter', 'brightness_level', 'spark', 'light']"
“You seem like a mythical figure “ “Yeah” lights,"['roast', 'stick', 'junction', 'articulation', 'join', 'joint']"
Started enjoyable,"['cashbox', 'till', 'trough', 'boulder_clay', 'money_box']"
Started enjoyable till Katt went sage,"['path', 'route', 'itinerary', 'road']"
Started enjoyable till Katt went sage route again. Like he knows some,"['bull', 'whoreson', 'dirt', 'diddly-shit', 'dogshit', 'squat', 'turd', 'shit', 'diddly', 'Irish_bull']"
Started enjoyable till Katt went sage route again. Like he knows some shit that the,"['repose', 'quietus', 'residue', 'rest', 'balance']"
Wow katt,"['golf', 'golf_game']"
Wow katt golf,"['lilt', 'vacillation', 'golf_shot', 'golf_stroke', 'jive', 'swinging', 'swing']"
@AmericanLord Have you seen the,"['cloth', 'material', 'textile']"
@AmericanLord Have you seen the cloth,"['purgative', 'physic', 'natural_philosophy', 'aperient', 'cathartic']"
@AmericanLord Have you seen the cloth physics in Mirror’s Edge 1? Not on,"['masses', 'people', 'citizenry']"
@AmericanLord Have you seen the cloth physics in Mirror’s Edge 1? Not on people but on,"['objective', 'object', 'target', 'aim']"
@AmericanLord Have you seen the cloth physics in Mirror’s Edge 1? Not on people but on objects you get destructible,"['tarpaulin', 'tarp']"
@AmericanLord Have you seen the cloth physics in Mirror’s Edge 1? Not on people but on objects you get destructible tarps and,"['flag', 'iris', 'flagstone', 'signal_flag', 'masthead']"
She seems like such a sweet,"['person', 'individual', 'someone', 'somebody', 'mortal', 'soul']"
I love seeing this,"['position', 'English', 'incline', 'slope', 'side']"
I love seeing this side of katt. Hes a true,['philosopher']
I love seeing this side of katt. Hes a true philosopher. Im disabled and i take,"['charge', 'forethought', 'precaution', 'fear', 'aid', 'guardianship', 'upkeep']"
I love seeing this side of katt. Hes a true philosopher. Im disabled and i take care,"['individual', 'someone', 'somebody', 'mortal']"
I love seeing this side of katt. Hes a true philosopher. Im disabled and i take care someone full,"['time', 'clip', 'clock_time', 'fourth_dimension', 'meter', 'metre', 'prison_term', 'sentence']"
I love seeing this side of katt. Hes a true philosopher. Im disabled and i take care someone full time and,"['video', 'picture', 'video_recording', 'television', 'telecasting', 'TV']"
I love seeing this side of katt. Hes a true philosopher. Im disabled and i take care someone full time and video,"['game', 'plot', 'secret_plan', 'biz']"
I love seeing this side of katt. Hes a true philosopher. Im disabled and i take care someone full time and video games are a different,"['universe_of_discourse', 'existence', 'universe', 'macrocosm', 'population', 'world', 'cosmos']"
I love seeing this side of katt. Hes a true philosopher. Im disabled and i take care someone full time and video games are a different universe. I get to be everything from a,['soldier']
I love seeing this side of katt. Hes a true philosopher. Im disabled and i take care someone full time and video games are a different universe. I get to be everything from a soldier to a,"['superstar', 'mavin', 'whiz', 'ace', 'wiz']"
I love seeing this side of katt. Hes a true philosopher. Im disabled and i take care someone full time and video games are a different universe. I get to be everything from a soldier to a wizard to something orginal like a witcher i live all these different,"['world', 'reality', 'realness', 'realism']"
I love seeing this side of katt. Hes a true philosopher. Im disabled and i take care someone full time and video games are a different,"['universe', 'existence', 'creation', 'world', 'cosmos', 'macrocosm', 'population', 'universe_of_discourse']"
I love seeing this side of katt. Hes a true philosopher. Im disabled and i take care someone full time and video games are a different universe. I get to be everything from a soldier to a wizard to something orginal like a witcher i live all these different realities and its like exploring the universe of,"['theory', 'possibleness', 'possibility', 'hypothesis', 'opening']"
I love seeing this side of katt. Hes a true philosopher. Im disabled and i take care someone full time and video games are a different universe. I get to be everything from a soldier to a wizard to something orginal like a witcher i live all these different realities and its like exploring the universe of possibilities while im doing the tough real,"['things', 'thing', 'matter', 'affair']"
I love seeing this side of katt. Hes a true philosopher. Im disabled and i take,"['caution', 'tending', 'guardianship', 'charge', 'tutelage']"
I love seeing this side of katt. Hes a true philosopher. Im disabled and i take care someone full time and video games are a different universe. I get to be everything from a soldier to a wizard to something orginal like a witcher i live all these different realities and its like exploring the universe of possibilities while im doing the tough real things like taking care of,"['family_unit', 'home', 'household', 'sept', 'kinsperson']"
Can we all just appreciate the,['fact']
Can we all just appreciate the fact that Katt doesn’t like to do,"['interview', 'consultation', 'audience']"
Katt and Von????,['public_lecture']
Katt and Von???? Talk about taking a blunt with a cold,['spyglass']
27:06 “I’ll put a,"['jook', 'fake', 'juke_house']"
27:06 “I’ll put a juke on a nut,"['sac', 'Sac', 'pouch']"
27:06 “I’ll put a juke on a nut sac” another,"['banger', 'firecracker', 'cracker']"
27:06 “I’ll put a juke on a nut sac” another banger,"['quotation_mark', 'quote', 'inverted_comma', 'quotation', 'citation']"
I love Rachael. I’m so sad for her. You’ll heal and be better for this. Can’t,"['waiting', 'delay', 'hold']"
i need wall,"['newspaper', 'composition', 'theme']"
i need wall paper,"['engine', 'locomotive', 'locomotive_engine', 'railway_locomotive']"
i need wall paper engine on that,"['concealment', 'cover', 'covert', 'filmdom', 'screen_door']"
Syama finally getting to make something after his,"['recognition', 'identification', 'acknowledgment', 'acknowledgement', 'credit']"
Syama finally getting to make something after his recognition in And They Shall Know No Fear sercet,"['storey', 'floor', 'stage', 'horizontal_surface', 'point', 'stratum', 'layer']"
Syama finally getting to make something after his recognition in And They Shall Know No Fear sercet level,"['sequence', 'episode', 'installment']"
Ok lets analyse: -They swapped out the Lamenter getting,"['round', 'heartbeat', 'measure', 'rhythm', 'musical_rhythm', 'beatnik']"
Ok lets analyse: -They swapped out the Lamenter getting beat to,"['Death', 'demise', 'death', 'expiry', 'dying']"
Ok lets analyse: -They swapped out the Lamenter getting beat to death by orks from the original,"['puzzler', 'mystifier', 'puzzle', 'vexer', 'annoyer', 'tormentor', 'teaser']"
Ok lets analyse: -They swapped out the Lamenter getting beat to death by orks from the original teaser into some new,['chapter']
Ok lets analyse: -They swapped out the Lamenter getting beat to death by orks from the original teaser into some new chapter with a badly painted,['skull']
Ok lets analyse: -They swapped out the Lamenter getting beat to death by orks from the original teaser into some new,['chapter']
Ok lets analyse: -They swapped out the Lamenter getting beat to death by orks from the original teaser into some new chapter with a badly painted skull as their chapter,"['mark', 'scoring', 'marker', 'marking']"
Ok lets analyse: -They swapped out the Lamenter getting beat to death by orks from the original teaser into some new chapter with a badly painted skull as their chapter markings (not sure why they did that but ok?) -Scythes of the Emperor,"['fight', 'fighting', 'combat', 'scrap']"
Ok lets analyse: -They swapped out the Lamenter getting beat to death by orks from the original teaser into some new chapter with a badly painted skull as their chapter markings (not sure why they did that but ok?) -Scythes of the Emperor fighting,['tau']
Ok lets analyse: -They swapped out the Lamenter getting beat to death by orks from the original teaser into some new chapter with a badly painted skull as their chapter markings (not sure why they did that but ok?) -Scythes of the Emperor fighting tau and nids -Sons of Medusa doing vehicular,"['war', 'warfare']"
Ok lets analyse: -They swapped out the Lamenter getting beat to death by orks from the original teaser into some new chapter with a badly painted skull as their chapter markings (not sure why they did that but ok?) -Scythes of the Emperor fighting tau and nids -Sons of Medusa doing vehicular warfare -An awkward looking Blood Angel using his,"['jump', 'leap', 'saltation', 'startle', 'start', 'parachuting', 'jumping']"
Ok lets analyse: -They swapped out the Lamenter getting beat to death by orks from the original teaser into some new chapter with a badly painted skull as their chapter markings (not sure why they did that but ok?) -Scythes of the Emperor fighting tau and nids -Sons of Medusa doing vehicular warfare -An awkward looking Blood Angel using his jump,"['coterie', 'mob', 'pack', 'gang', 'inner_circle', 'clique']"
Ok lets analyse: -They swapped out the Lamenter getting beat to death by orks from the original teaser into some new chapter with a badly painted skull as their chapter markings (not sure why they did that but ok?) -Scythes of the Emperor fighting tau and nids -Sons of Medusa doing vehicular warfare -An awkward looking Blood Angel using his jump pack in a narrow,"['glass', 'crank', 'ice_rink', 'sparkler', 'deoxyephedrine']"
Ok lets analyse: -They swapped out the Lamenter getting beat to death by orks from the original teaser into some new chapter with a badly painted skull as their chapter markings (not sure why they did that but ok?) -Scythes of the Emperor fighting tau and nids -Sons of Medusa doing vehicular warfare -An awkward looking Blood Angel using his jump pack in a narrow ice,"['tunnel', 'burrow']"
Ok lets analyse: -They swapped out the Lamenter getting beat to death by orks from the original teaser into some new chapter with a badly painted skull as their chapter markings (not sure why they did that but ok?) -Scythes of the Emperor fighting tau and nids -Sons of Medusa doing vehicular warfare -An awkward looking Blood Angel using his jump pack in a narrow ice tunnel -The Retributors fighting Chaos Marines and an,"['rebellion', 'insurrection', 'revolt', 'rising', 'uprising']"
Ok lets analyse: -They swapped out the Lamenter getting beat to death by orks from the original teaser into some new chapter with a badly painted skull as their chapter markings (not sure why they did that but ok?) -Scythes of the Emperor fighting tau and nids -Sons of Medusa doing vehicular warfare -An awkward looking Blood Angel using his jump pack in a narrow ice tunnel -The Retributors fighting Chaos Marines and an,"['rebellion', 'insurrection', 'revolt', 'rising', 'uprising']"
Ok lets analyse: -They swapped out the Lamenter getting beat to death by orks from the original teaser into some new chapter with a badly painted skull as their chapter markings (not sure why they did that but ok?) -Scythes of the Emperor fighting tau and nids -Sons of Medusa doing vehicular warfare -An awkward looking Blood Angel using his jump pack in a narrow ice tunnel -The Retributors fighting Chaos Marines and an uprising (which might be the previous uprising that led to the,"['outcome', 'issue', 'result', 'event']"
Ok lets analyse: -They swapped out the Lamenter getting beat to death by orks from the original teaser into some new chapter with a badly painted skull as their chapter markings (not sure why they did that but ok?) -Scythes of the Emperor fighting tau and nids -Sons of Medusa doing vehicular warfare -An awkward looking Blood Angel using his jump pack in a narrow ice tunnel -The Retributors fighting Chaos Marines and an uprising (which might be the previous uprising that led to the events of the first Astartes,"['animation', 'vivification', 'aliveness', 'life', 'invigoration', 'vitality', 'spiritedness', 'living']"
Ok lets analyse: -They swapped out the Lamenter getting beat to death by orks from the original teaser into some new chapter with a badly painted skull as their chapter markings (not sure why they did that but ok?) -Scythes of the Emperor fighting tau and nids -Sons of Medusa doing vehicular warfare -An awkward looking Blood Angel using his jump pack in a narrow ice tunnel -The Retributors fighting Chaos Marines and an uprising (which might be the previous uprising that led to the events of the first Astartes animation) -And the obvious,"['lack', 'deficiency', 'want']"
Ok lets analyse: -They swapped out the Lamenter getting beat to death by orks from the original teaser into some new chapter with a badly painted skull as their chapter markings (not sure why they did that but ok?) -Scythes of the Emperor fighting tau and nids -Sons of Medusa doing vehicular warfare -An awkward looking Blood Angel using his jump pack in a narrow ice tunnel -The Retributors fighting Chaos Marines and an uprising (which might be the previous uprising that led to the events of the first Astartes animation) -And the obvious lack of the termi with the inquisitorial,"['symbol', 'symbolization', 'symbolisation', 'symbolic_representation']"
Ok lets analyse: -They swapped out the Lamenter getting beat to death by orks from the original teaser into some new chapter with a badly painted skull as their chapter markings (not sure why they did that but ok?) -Scythes of the Emperor fighting tau and nids -Sons of Medusa doing vehicular warfare -An awkward looking Blood Angel using his jump pack in a narrow ice tunnel -The Retributors fighting Chaos Marines and an uprising (which might be the previous uprising that led to the events of the first Astartes animation) -And the obvious lack of the termi with the inquisitorial symbol (might be grey,"['knight', 'horse']"
Ok lets analyse: -They swapped out the Lamenter getting beat to death by orks from the original teaser into some new chapter with a badly painted skull as their chapter markings (not sure why they did that but ok?) -Scythes of the Emperor fighting tau and nids -Sons of Medusa doing vehicular warfare -An awkward looking Blood Angel using his jump pack in a narrow ice tunnel -The Retributors fighting Chaos Marines and an uprising (which might be the previous uprising that led to the events of the first Astartes,"['spiritedness', 'animation', 'brio', 'invigoration', 'vivification', 'liveliness', 'life']"
I thought Theo was too young for me. No,"['estimate', 'melodic_theme', 'estimation', 'mind', 'theme']"
I thought Theo was too young for me. No idea he was 44. I love that he wants to get married ! He would be a cool,"['footfall', 'measure', 'pace', 'tone']"
this,"['guy', 'cat', 'hombre', 'bozo', 'Guy', 'guy_cable', 'guy_wire', 'guy_rope']"
this guy shows up to your,"['studio', 'studio_apartment']"
this guy shows up to your studio and,"['Tell', 'William_Tell']"
this guy shows up to your studio and tells you,"['thousand', 'G', '1000', 'K', 'grand', 'chiliad']"
this guy shows up to your studio and tells you thousands of,"['long_time', 'yr', 'twelvemonth', 'eld', 'class']"
this guy shows up to your studio and tells you thousands of years of your,['ethnicity']
this guy shows up to your studio and tells you thousands of years of your ethnicity didnt go to heaven makes,"['indignation', 'outrage', 'scandal', 'scandalization', 'scandalisation']"
this guy shows up to your studio and tells you thousands of years of your ethnicity didnt go to heaven makes outrages,"['claim', 'title', 'call']"
this guy shows up to your studio and tells you thousands of years of your ethnicity didnt go to heaven makes outrages claims about himself whilst ashing his,"['cigarette', 'cigaret', 'coffin_nail', 'butt', 'fag']"
this guy shows up to your studio and tells you thousands of years of your ethnicity didnt go to heaven makes outrages claims about himself whilst ashing his cigarette into your,"['looking_glass', 'deoxyephedrine', 'ice', 'spyglass', 'methamphetamine', 'Methedrine', 'chalk']"
I feel like it was the other,"['fashion', 'way_of_life', 'way', 'room', 'direction', 'agency']"
I feel like it was the other way around. I feel like Matt was the one giving 110%. Not her. She was more on the,"['friendship', 'friendly_relationship']"
I feel like it was the other way around. I feel like Matt was the one giving 110%. Not her. She was more on the friendship,"['zone', 'geographical_zone', 'zona']"
I,"['flavour', 'feeling', 'tone', 'tactile_property', 'flavor', 'spirit', 'look', 'smell']"
So defo,"['payback', 'retribution', 'requital']"
So defo retributions,['scythe']
So defo retributions scythes of the,"['emperor', 'emperor_moth', 'Saturnia_pavonia', 'emperor_butterfly']"
So defo retributions scythes of the emperor Raptor??? Some,"['boy', 'Logos', 'Son', 'son']"
There aint no effing,"['elbow_room', 'way', 'style', 'manner', 'agency', 'fashion', 'means', 'path']"
There aint no effing way!,"['Lashkar-e-Tayyiba', 'let', 'Army_of_the_Righteous']"
I don’t think I like Theo with a,"['mustache', 'moustache']"
I don’t think I like Theo with a mustache shits scary lol sick,"['episode', 'installment', 'instalment', 'sequence']"
I don’t think I like Theo with a mustache shits scary lol sick episode,['Tho']
Couldn’t even watch 10,"['minute', 'Min']"
Couldn’t even watch 10 mins of his,"['season', 'time_of_year']"
Couldn’t even watch 10 mins of his season toxic arrogant bro,"['vibraphone', 'vibraharp', 'vibes', 'vibration', 'vibe']"
Couldn’t even watch 10 mins of his season toxic arrogant bro vibes running off the,['coattail']
Couldn’t even watch 10 mins of his season toxic arrogant bro vibes running off the coattails of his,"['ally', 'supporter', 'friend', 'champion', 'protagonist', 'Quaker']"
Couldn’t even watch 10 mins of his season toxic arrogant bro vibes running off the coattails of his friend. So happy Rachael has her,"['animation', 'spirit', 'life_history', 'life_story']"
Flawless,"['animation', 'spiritedness', 'vitality', 'brio', 'living', 'liveliness', 'vivification']"
Katt is very intelligent I think this ninja read all them,"['leger', 'volume', 'record', 'rule_book', 'Book']"
11:30 -,"['St._Martin', 'Martin']"
11:30 - Martin Lawrence - Chris Tucker - Eddie Griffin ….. just a,"['supposition', 'guess', 'shot', 'dead_reckoning']"
15:12,"['wage', 'pay', 'earnings', 'remuneration', 'salary']"
15:12 pay,"['attention', 'attending', 'care', 'aid', 'tending']"
15:12 pay attention to when katt says “this,"['guy_wire', 'guy_cable', 'guy_rope', 'guy', 'cat']"
15:12 pay attention to when katt says “this guy” the,"['direction', 'way_of_life', 'path', 'mode', 'room']"
15:12 pay attention to when katt says “this guy” the way he points his,"['foreland', 'head', 'head_teacher', 'capitulum', 'promontory']"
15:12 pay attention to when katt says “this guy” the way he points his head towards Theo then a inner heated,"['rally', 'exchange', 'interchange', 'commutation', 'central', 'substitution']"
15:12 pay attention to when katt says “this guy” the way he points his head towards Theo then a inner heated exchange of,"['row', 'Holy_Scripture', 'speech', 'intelligence', 'wrangle', 'countersign', 'Word_of_God', 'words', 'Logos', 'language', 'tidings', 'Good_Book']"
15:12 pay,"['attention', 'attending', 'care', 'aid', 'tending']"
15:12 pay attention to when katt says “this guy” the way he points his head towards Theo then a inner heated exchange of words. Shocking ! Pay attention to the whole convo. This happens right after Katt realises the,"['symbol', 'symbolization', 'symbolisation', 'symbolic_representation']"
15:12 pay attention to when katt says “this guy” the way he points his head towards Theo then a inner heated exchange of words. Shocking ! Pay attention to the whole convo. This happens right after Katt realises the symbol on the,"['knight', 'horse']"
15:12 pay attention to when katt says “this guy” the way he points his head towards Theo then a inner heated exchange of words. Shocking ! Pay attention to the whole convo. This happens right after Katt realises the symbol on the knight behind him btw it’s first,"['clip', 'prison_term', 'metre', 'fourth_dimension', 'clock_time']"
15:12 pay attention to when katt says “this guy” the way he points his head towards Theo then a inner heated exchange of words. Shocking ! Pay attention to the whole convo. This happens right after Katt realises the symbol on the knight behind him btw it’s first time Theo has ever placed that knight,"['form', 'number', 'flesh', 'digit', 'image']"
15:12 pay attention to when katt says “this guy” the way he points his head towards Theo then a inner heated exchange of words. Shocking ! Pay attention to the whole convo. This happens right after Katt realises the symbol on the knight behind him btw it’s first time Theo has ever placed that knight figure there. A Knight was stamped into a,['hard_worker']
15:12 pay attention to when katt says “this guy” the way he points his head towards Theo then a inner heated exchange of words. Shocking ! Pay attention to the whole convo. This happens right after Katt realises the symbol on the knight behind him btw it’s first time Theo has ever placed that knight figure there. A Knight was stamped into a slave that didn’t submit to its,"['owner', 'proprietor', 'possessor']"
15:12 pay attention to when katt says “this guy” the way he points his head towards Theo then a inner heated exchange of words. Shocking ! Pay attention to the whole convo. This happens right after Katt realises the symbol on the knight behind him btw it’s first time Theo has ever placed that knight figure there. A Knight was stamped into a slave that didn’t submit to its owner back in,"['ancient', 'antediluvian']"
15:12 pay attention to when katt says “this guy” the way he points his head towards Theo then a inner heated exchange of words. Shocking ! Pay attention to the whole convo. This happens right after Katt realises the symbol on the knight behind him btw it’s first time Theo has ever placed that knight figure there. A Knight was stamped into a slave that didn’t submit to its owner back in ancient,"['multiplication', 'prison_term', 'clip']"
Also our,"['learning_ability', 'brainiac', 'wit', 'mental_capacity', 'mind', 'mentality']"
Also our brains dont know the,"['departure', 'dispute', 'difference_of_opinion', 'remainder', 'divergence', 'difference']"
Also our,"['mentality', 'genius', 'wit', 'nous', 'mind', 'encephalon', 'mental_capacity', 'mastermind']"
Also our brains dont know the difference between what we talk about doing and doing it meaning that by talking about what we want to do our brain gets,"['gratification', 'satisfaction']"
Also our brains dont know the difference between what we talk about doing and doing it meaning that by talking about what we want to do our brain gets gratification as if we did whatever it was so our,"['motivation', 'motive', 'need', 'motivating']"
They wanted to give them some,"['clemency', 'mercifulness', 'mercy']"
They wanted to give them some mercy.,"['someone', 'somebody', 'soul', 'individual', 'person']"
I cried for her. She seems so genuine and is truly heartbroken over this and Matt should have given her more than an Instagram,"['spot', 'Wiley_Post', 'Emily_Post', 'situation', 'berth']"
I cried for her. She seems so genuine and is truly heartbroken over this and Matt should have given her more than an Instagram post of their break-up. 4,"['eld', 'years', 'geezerhood', 'year', 'long_time']"
literally my two,"['position', 'face']"
literally my two sides of my,"['head', 'learning_ability', 'mastermind', 'brainiac']"
Katt is now the creepy,['uncle']
Katt is now the creepy uncle. I honestly dont,"['piece_of_tail', 'ass', 'shtup', 'piece_of_ass', 'shag', 'screwing', 'fuck', 'roll_in_the_hay', 'nooky']"
Katt is now the creepy uncle. I honestly dont fuck with his,"['demeanor', 'demeanour', 'behavior', 'behaviour', 'conduct', 'deportment']"
Katt is now the creepy uncle. I honestly dont fuck with his demeanor at all leaning into the sophisticated reddit,"['character', 'role', 'theatrical_role', 'part', 'persona', 'image']"
430k,"['purview', 'position', 'perspective', 'sentiment', 'persuasion']"
430k views in 4hrs,"['zippo', 'aught', 'zilch', 'goose_egg', 'nothing']"
430k views in 4hrs nothing else was expected with that,"['rubric', 'deed_of_conveyance', 'title', 'title_of_respect', 'statute_title', 'championship', 'form_of_address']"
Saw the,['thumbnail']
Saw the thumbnail and thought,['bishop']
Saw the thumbnail and thought bishop Don Juan had lost some,"['system_of_weights', 'free_weight', 'weight_unit', 'weightiness', 'weight', 'exercising_weight']"
Can’t,"['delay', 'hold', 'time_lag', 'postponement', 'wait', 'waiting']"
Can’t wait for her to realize she was always the most interesting,"['thing', 'matter', 'affair']"
Can’t wait for her to realize she was always the most interesting thing about him. We were literally only following him to see her!!! We’ll,"['living', 'keep', 'livelihood', 'sustenance']"
Can’t wait for her to realize she was always the most interesting thing about him. We were literally only following him to see her!!! We’ll keep following her regardless of whatever,"['Man', 'Isle_of_Man', 'humans', 'valet_de_chambre', 'military_man']"
Can’t wait for her to realize she was always the most interesting thing about him. We were literally only following him to see her!!! We’ll keep following her regardless of whatever man is by her,"['slope', 'side', 'side_of_meat', 'English', 'incline']"
That,"['voice', 'division', 'function']"
That part on,"['jitteriness', 'jumpiness', 'nervousness', 'restiveness', 'nerves']"
<mask> gooooooooooooo. We need more awesome Warhammer media. For the EMPEROR!!!!!!,"['Lashkar-e-Toiba', 'Lashkar-e-Taiba', 'net_ball']"
Lets gooooooooooooo. We need more awesome Warhammer,"['medium', 'culture_medium', 'spiritualist', 'sensitive', 'mass_medium', 'metier']"
Best,"['interview', 'consultation', 'audience']"
Best interview of the,"['yr', 'class']"
Best,"['interview', 'consultation', 'audience']"
Best interview of the,"['year', 'twelvemonth', 'yr', 'class']"
@aBadWizard its just underwhelming,"['International_Maritime_Organization', 'IMO']"
@aBadWizard its just underwhelming imo Only one,"['staff', 'faculty', 'stave']"
@aBadWizard its just underwhelming imo Only one staff also and the,"['map', 'function', 'mathematical_function', 'single-valued_function', 'mapping']"
@aBadWizard its just underwhelming imo Only one staff also and the map just isnt my,"['expressive_style', 'way', 'manner', 'dash', 'style', 'mode', 'stylus', 'vogue']"
Sending,"['love', 'making_love', 'lovemaking', 'beloved', 'love_life']"
Sending love to Rachael we’ve all been there,"['girl', 'girlfriend', 'young_woman', 'miss', 'lady_friend', 'young_lady', 'female_child']"
Sending love to Rachael we’ve all been there girl. You will come out on the other,"['side_of_meat', 'face', 'side', 'English', 'incline', 'position']"
Sending love to Rachael we’ve all been there girl. You will come out on the other side better and brighter! I can’t,"['hold', 'waiting', 'time_lag', 'delay', 'wait']"
What a great,"['way_of_life', 'way', 'direction', 'fashion', 'room', 'style']"
What a great way to start the,"['dawn', 'cockcrow', 'aurora', 'forenoon', 'dayspring', 'break_of_the_day']"
What a great way to start the morning! The Astartes Guy has not lost a,"['measure', 'pace', 'footmark', 'footfall', 'whole_step']"
There’s a,"['force', 'might', 'baron', 'top_executive', 'superpower', 'major_power', 'big_businessman', 'ability', 'king', 'office', 'magnate', 'mogul']"
There’s a power,"['imbalance', 'instability', 'unbalance', 'asymmetry', 'dissymmetry']"
There’s a power imbalance because he is a,"['narcissist', 'narcist']"
There’s a power imbalance because he is a Narcissist. He leaves like his,"['male_parent', 'begetter', 'forefather', 'Church_Father', 'Father', 'Father_of_the_Church', 'father', 'founding_father', 'sire']"
There’s a power imbalance because he is a Narcissist. He leaves like his Father. He actually knows she is superior to him in,"['reference', 'fiber', 'fictitious_character', 'role', 'fictional_character']"
There’s a power imbalance because he is a Narcissist. He leaves like his Father. He actually knows she is superior to him in character and,"['integrity', 'unity', 'wholeness']"
There’s a power imbalance because he is a Narcissist. He leaves like his Father. He actually knows she is superior to him in character and integrity and,"['loyalty', 'trueness', 'commitment', 'allegiance', 'dedication']"
There’s a power imbalance because he is a Narcissist. He leaves like his Father. He actually knows she is superior to him in character and integrity and loyalty. She is so lucky that he called it quits. He is a depressed,"['somebody', 'mortal', 'soul', 'someone']"
There’s a power imbalance because he is a Narcissist. He leaves like his Father. He actually knows she is superior to him in character and integrity and loyalty. She is so lucky that he called it quits. He is a depressed person. He has,"['problem', 'job', 'trouble']"
There’s a power imbalance because he is a Narcissist. He leaves like his Father. He actually knows she is superior to him in character and integrity and loyalty. She is so lucky that he called it quits. He is a depressed person. He has problems he is his,"['past', 'past_times', 'yesteryear', 'past_tense']"
This has made me so happy,['yes']
YOU SEE US WARHAMMER!! YOU SEE HOW MUCH PEOPLE LOVE THIS!! This,"['quality', 'caliber', 'calibre', 'character', 'lineament', 'timbre', 'timber', 'tone']"
I always found him immature and indifferent. He never seemed in,"['dearest', 'love_life', 'honey', 'love', 'sexual_love']"
I always found him immature and indifferent. He never seemed in love with her but like,"['soul', 'someone', 'somebody']"
I always found him immature and indifferent. He never seemed in love with her but like someone who cared for her and knew she was good for him. She was too good for him. I’m not surprised it ended like this. This just proves my,"['gunpoint', 'full_stop', 'point']"
I always found him immature and indifferent. He never seemed in love with her but like someone who cared for her and knew she was good for him. She was too good for him. I’m not surprised it ended like this. This just proves my point. I wish she left him sooner but thank God it’s over. Kind,"['meat', 'warmheartedness', 'heart_and_soul', 'bosom']"
I always found him immature and indifferent. He never seemed in love with her but like someone who cared for her and knew she was good for him. She was too good for him. I’m not surprised it ended like this. This just proves my point. I wish she left him sooner but thank God it’s over. Kind heart,"['female_child', 'missy', 'young_lady']"
I always found him immature and indifferent. He never seemed in love with her but like,"['someone', 'soul', 'mortal', 'person', 'individual']"
I always found him immature and indifferent. He never seemed in love with her but like,"['person', 'mortal', 'individual', 'soul', 'somebody']"
I always found him immature and indifferent. He never seemed in love with her but like someone who cared for her and knew she was good for him. She was too good for him. I’m not surprised it ended like this. This just proves my point. I wish she left him sooner but thank God it’s over. Kind heart girls have all dated someone like Matt. She will find someone who loves her to,"['death', 'decease', 'expiry', 'dying', 'demise', 'last', 'Death', 'end', 'destruction']"
I always found him immature and indifferent. He never seemed in love with her but like someone who cared for her and knew she was good for him. She was too good for him. I’m not surprised it ended like this. This just proves my point. I wish she left him sooner but thank God it’s over. Kind heart girls have all dated someone like Matt. She will find someone who loves her to death. I went through the same,"['thing', 'matter', 'affair']"
I always found him immature and indifferent. He never seemed in love with her but like someone who cared for her and knew she was good for him. She was too good for him. I’m not surprised it ended like this. This just proves my point. I wish she left him sooner but thank God it’s over. Kind heart girls have all dated someone like Matt. She will find someone who loves her to death. I went through the same thing and two,"['age', 'geezerhood', 'eld']"
I always found him immature and indifferent. He never seemed in love with her but like someone who cared for her and knew she was good for him. She was too good for him. I’m not surprised it ended like this. This just proves my point. I wish she left him sooner but thank God it’s over. Kind heart girls have all dated someone like Matt. She will find someone who loves her to death. I went through the same thing and two years later I’m happily married. Now my,"['X', 'ex-wife', 'ex']"
I always found him immature and indifferent. He never seemed in love with her but like someone who cared for her and knew she was good for him. She was too good for him. I’m not surprised it ended like this. This just proves my point. I wish she left him sooner but thank God it’s over. Kind heart girls have all dated someone like Matt. She will find someone who loves her to death. I went through the same thing and two years later I’m happily married. Now my ex won’t,"['full_point', 'hitch', 'check', 'stay', 'catch']"
I dont know that Ive ever seen Katt genuinely,"['laugh', 'laughter', 'joke', 'gag', 'jest', 'jape']"
I dont know that Ive ever seen Katt genuinely laugh at other,"['multitude', 'people', 'mass', 'the_great_unwashed']"
I dont know that Ive ever seen Katt genuinely laugh at other peoples,"['jest', 'jocularity', 'antic', 'put-on', 'trick', 'laugh']"
I dont know that Ive ever seen Katt genuinely laugh at other peoples jokes as much as Ive seen him laugh and be caught off,"['safety_device', 'precaution', 'safeguard', 'safety', 'guard_duty', 'sentry_duty']"
​ @AhmetAjanic of,"['path', 'class', 'course_of_action']"
Why is theo talking to his,['statue']
See..Katt didn’t really mean that sh*t on shay… he does think some of Joe’s,"['protagonist', 'ally', 'champion', 'Quaker', 'friend']"
<mask> garbage they just proved that with adding a e.e. that takes you so long to do with so many steps only hacks and cheaters playing ranked and multi so they needed to affect zombies players and this is how they destroy there fan base check the comments the over all thoughts is this up daye has been one of the worst,"['game', 'plot', 'secret_plan', 'biz']"
Games garbage they just proved that with adding a e.e. that takes you so long to do with so many,"['step', 'whole_tone', 'tone', 'footprint', 'footmark']"
Games garbage they just proved that with adding a e.e. that takes you so long to do with so many steps only,"['ward-heeler', 'hack_writer', 'taxi', 'nag', 'cab']"
Games garbage they just proved that with adding a e.e. that takes you so long to do with so many steps only hacks and,"['cheater', 'trickster', 'deceiver', 'slicker', 'beguiler']"
Games garbage they just proved that with adding a e.e. that takes you so long to do with so many steps only hacks and cheaters playing ranked and multi so they needed to affect,"['snake_god', 'automaton', 'zombi']"
Games garbage they just proved that with adding a e.e. that takes you so long to do with so many steps only hacks and cheaters playing ranked and multi so they needed to affect zombies,"['player', 'role_player', 'participant']"
Games garbage they just proved that with adding a e.e. that takes you so long to do with so many steps only hacks and cheaters playing ranked and multi so they needed to affect zombies players and this is how they destroy there fan,"['root', 'alkali', 'foot', 'stand', 'Qaeda']"
Games garbage they just proved that with adding a e.e. that takes you so long to do with so many steps only hacks and cheaters playing ranked and multi so they needed to affect zombies players and this is how they destroy there fan base check the,"['input', 'remark', 'commentary', 'gossip', 'comment']"
Games garbage they just proved that with adding a e.e. that takes you so long to do with so many steps only hacks and cheaters playing ranked and multi so they needed to affect zombies players and this is how they destroy there fan base check the comments the over all,"['thought', 'mentation', 'opinion', 'view', 'cerebration', 'intellection', 'thinking']"
@weshouldtlk no because she simply is just out of his,"['league', 'conference']"
@weshouldtlk no because she simply is just out of his league. She’s,"['fashion', 'means', 'elbow_room', 'style', 'direction']"
see GW this is what we want Grimdark Firstborn proper accurate,"['blank_space', 'infinite', 'blank', 'place', 'outer_space']"
see GW this is what we want Grimdark Firstborn proper accurate space,"['Marine', 'devil_dog', 'leatherneck', 'shipboard_soldier', 'marine']"
see GW this is what we want Grimdark Firstborn proper accurate space marine,"['war', 'warfare', 'state_of_war']"
see GW this is what we want Grimdark Firstborn proper accurate space marine wars against,"['extraterrestrial', 'stranger', 'alien', 'extraterrestrial_being', 'outlander']"
Christmas was like a,"['calendar_month', 'month']"
Christmas was like a month a,"['pass', 'fling', 'X']"
<mask> for Cleetus’s El Camino. RUSTY WOOD or RUSTY WOODY,"['gens', 'name', 'epithet']"
Kat give me a fit,"['time_out', 'rupture', 'recess', 'gap', 'faulting']"
5:55,['subject_matter']
5:55 message white ppl a,"['minority', 'nonage']"
5:55 message white ppl a minority in,"['Eden', 'Heaven', 'Shangri-la', 'nirvana', 'promised_land', 'paradise']"
5:55 message white ppl a minority in heaven not a,['heap']
5:55 message white ppl a minority in heaven not a lot of y’all in there.. 2025 n yal still moving the same,"['agency', 'room', 'way', 'style', 'manner', 'means']"
5:55 message white ppl a minority in heaven not a lot of y’all in there.. 2025 n yal still moving the same way as your,"['ancestor', 'ascendant', 'ascendent', 'antecedent', 'root']"
<mask> guy finally let free!!,"['Astarte', 'Ashtoreth']"
I clapped like a,"['seal', 'sealing_wax', 'cachet', 'stamp', 'seal_of_approval', 'SEAL']"
"<mask>""the name of the plane talking about at the national museum of the US Air Force",['boxcar']
"Boxcar""the","['name', 'epithet', 'gens']"
"Boxcar""the name of the","['sheet', 'airplane', ""carpenter's_plane""]"
"Boxcar""the name of the plane talking about at the national",['museum']
You definitely need Katt back. Best,"['comedy', 'drollery', 'clowning', 'funniness']"
You definitely need Katt back. Best comedy,"['duad', 'yoke', 'span', 'dyad', 'distich']"
You definitely need Katt back. Best comedy duo podcast! Genuine,"['laugh', 'laughter']"
You definitely need Katt back. Best comedy duo podcast! Genuine laughter between them is best,"['constituent', 'character', 'office']"
Weed? Of all the,"['single', 'ace', 'I', '1', 'unity']"
Weed? Of all the ones i have watched not even joey,"['Dias', 'Diaz', 'Bartholomeu_Dias', 'Bartholomeu_Diaz']"
Bless Katt for knowing Theo and giving him a genuine human,"['Quaker', 'supporter', 'protagonist', 'Friend', 'booster']"
Bless Katt for knowing Theo and giving him a genuine human friend. Katt did everything in this,"['picture', 'video', 'television', 'video_recording', 'telecasting']"
Bless Katt for knowing Theo and giving him a genuine human friend. Katt did everything in this video that Rogan cpuldnt do in all the,"['long_time', 'days', 'geezerhood', 'eld', 'age']"
1000s of,"['yr', 'eld', 'years', 'age', 'days']"
1000s of years of white,"['multitude', 'the_great_unwashed', 'mass', 'hoi_polloi', 'masses', 'citizenry']"
1000s of years of white people not being able to go to heaven? lord how little about,"['bondage', 'slavery', 'thrall', 'thralldom', 'thraldom', 'slaveholding']"
1000s of years of white people not being able to go to heaven? lord how little about slavery does this,"['human_race', 'Man', 'valet', 'gentleman', ""gentleman's_gentleman"", 'humankind']"
1000s of years of white,"['people', 'hoi_polloi', 'the_great_unwashed', 'mass', 'citizenry']"
1000s of years of white people not being able to go to heaven? lord how little about slavery does this man know and why does it make him only hate white people? everyone was involved in the slave,"['trade', 'craft', 'patronage', 'deal', 'business_deal', 'trade_wind', 'barter', 'swap', 'swop']"
I love Theo making the,"['trick', 'antic', 'gag', 'prank', 'caper', 'joke']"
I love Theo making the joke it’s “Kat William” singular instead of plural even though no,"['single', 'unity', 'I']"
In the Grimdark,"['future', 'hereafter', 'futurity', 'time_to_come', 'future_tense']"
In the Grimdark future there is only gorgeous,"['vitality', 'living', 'brio', 'vivification', 'aliveness', 'life', 'animation', 'spiritedness']"
I haven’t watched a,"['season', 'time_of_year']"
I haven’t watched a,"['season', 'time_of_year']"
I haven’t watched a season of the Bachelor since this season. I loved Rachel and the,"['play', 'drama', 'dramatic_play', 'dramatic_event']"
I haven’t watched a,"['season', 'time_of_year']"
I haven’t watched a season of the Bachelor since this season. I loved Rachel and the drama from the entire season was a,['nail']
I haven’t watched a season of the Bachelor since this season. I loved Rachel and the drama from the entire season was a nail in the,"['coffin', 'casket']"
XAI308K has serious,"['potential_difference', 'potential_drop', 'electric_potential', 'potential', 'potentiality', 'potency']"
XAI308K has serious potential to reach 50-100x VERY soon. Heard they are working out a,['partnership']
They call that a Freudian,"['miscue', 'pillow_slip', 'faux_pas', 'shift', 'elusion', 'slipperiness']"
The,"['fashion', 'manner', 'direction', 'means', 'style']"
The way Marines were portrayed in Astartes I makes me so so so excited to see how,"['exterminator', 'terminator', 'eradicator']"
Games Workshop letting,"['person', 'somebody', 'soul']"
Games Workshop letting someones creative,"['visual_sense', 'imagination', 'vision', 'imaginativeness', 'sight', 'visual_sensation']"
Games Workshop letting someones creative vision remain intact? Games Workshop having anything,"['space', 'infinite', 'outer_space', 'blank', 'distance', 'blank_space', 'place', 'quad']"
Games Workshop letting someones creative vision remain intact? Games Workshop having anything space,"['Marine', 'devil_dog', 'leatherneck', 'shipboard_soldier', 'marine']"
Games Workshop letting someones creative vision remain intact? Games Workshop having anything space marine not just be related to Ultramar? Bro the,"['year', 'twelvemonth', 'yr', 'class']"
Games Workshop letting someones creative vision remain intact? Games Workshop having anything space marine not just be related to Ultramar? Bro the year 2025 is making,"['hog', 'slovenly_person', 'cop']"
Games Workshop letting someones creative vision remain intact? Games Workshop having anything space marine not just be related to Ultramar? Bro the year 2025 is making pigs,"['fly_front', 'fly_sheet', 'fly_ball', 'tent_flap', 'tent-fly']"
I’m,"['earreach', 'earshot', 'audience', 'hearing', 'audition']"
I’m hearing,"['rumor', 'rumour', 'hearsay']"
I’m hearing rumours that this,"['International_Relations_and_Security_Network', 'ISN']"
I’m hearing rumours that this isn’t an accurate,"['representation', 'histrionics', 'delegacy', 'internal_representation', 'agency']"
I’m hearing rumours that this isn’t an accurate representation of what astartes 2 will be. Apparently this is just a very brief,['flashback']
I’m hearing rumours that this isn’t an accurate representation of what astartes 2 will be. Apparently this is just a very brief flashback,"['segment', 'department', 'division', 'section', 'part', 'plane_section']"
I’m hearing rumours that this isn’t an accurate representation of what astartes 2 will be. Apparently this is just a very brief flashback section and the,"['majority', 'bulk', 'absolute_majority', 'legal_age']"
I’m hearing rumours that this isn’t an accurate representation of what astartes 2 will be. Apparently this is just a very brief flashback section and the majority will take,"['position', 'office', 'berth', 'shoes', 'post']"
I’m hearing rumours that this isn’t an accurate representation of what astartes 2 will be. Apparently this is just a very brief flashback section and the majority will take place in current 40k with primaris,"['marine', 'Marines', 'leatherneck', 'Marine', 'shipboard_soldier']"
I’m hearing rumours that this isn’t an accurate representation of what astartes 2 will be. Apparently this is just a very brief flashback section and the majority will take place in current 40k with primaris marines in all the new bad looking,"['armor', 'armour']"
I’m hearing rumours that this isn’t an accurate representation of what astartes 2 will be. Apparently this is just a very brief flashback section and the majority will take place in current 40k with primaris marines in all the new bad looking armour and,"['vehicle', 'fomite']"
I’m hearing rumours that this isn’t an accurate representation of what astartes 2 will be. Apparently this is just a very brief flashback section and the majority will take place in current 40k with primaris marines in all the new bad looking armour and vehicles. I can totally believe that this is the,"['type', 'font', 'instance', 'causa', ""typesetter's_case""]"
I’m hearing rumours that this isn’t an accurate representation of what astartes 2 will be. Apparently this is just a very brief flashback section and the majority will take place in current 40k with primaris marines in all the new bad looking armour and vehicles. I can totally believe that this is the,"['grammatical_case', 'suit', 'cause', 'subject', 'display_case']"
I’m hearing rumours that this isn’t an accurate representation of what astartes 2 will be. Apparently this is just a very brief flashback section and the majority will take place in current 40k with primaris marines in all the new bad looking armour and vehicles. I can totally believe that this is the case since GW hates first born. If it is the case I feel extremely mislead and manipulated. This is nostalgia,['baiting']
I’m hearing rumours that this isn’t an accurate representation of what astartes 2 will be. Apparently this is just a very brief flashback section and the majority will take place in current 40k with primaris marines in all the new bad looking armour and vehicles. I can totally believe that this is the case since GW hates first born. If it is the case I feel extremely mislead and manipulated. This is nostalgia baiting and key jangling at its worst if true. We want a true spiritual,"['successor', 'replacement', 'heir']"
I’m hearing rumours that this isn’t an accurate representation of what astartes 2 will be. Apparently this is just a very brief flashback section and the majority will take place in current 40k with primaris marines in all the new bad looking,"['armor', 'armour']"
I’m hearing rumours that this isn’t an accurate representation of what astartes 2 will be. Apparently this is just a very brief flashback section and the majority will take place in current 40k with primaris marines in all the new bad looking armour and vehicles. I can totally believe that this is the case since GW hates first born. If it is the case I feel extremely mislead and manipulated. This is nostalgia baiting and key jangling at its worst if true. We want a true spiritual successor to astartes 1 and that simply can’t be achieved in primaris armour. They’re frankly far too safe and halo looking to fit into the grim,"['dark', 'darkness', 'iniquity', 'wickedness', 'shadow', 'night', 'nighttime']"
I’m hearing rumours that this isn’t an accurate representation of what astartes 2 will be. Apparently this is just a very brief flashback section and the majority will take place in current 40k with primaris marines in all the new bad looking armour and vehicles. I can totally believe that this is the case since GW hates first born. If it is the case I feel extremely mislead and manipulated. This is nostalgia baiting and key jangling at its worst if true. We want a true spiritual successor to astartes 1 and that simply can’t be achieved in primaris armour. They’re frankly far too safe and halo looking to fit into the grim dark aesthetic that the,"['artist', 'creative_person']"
I’m hearing rumours that this isn’t an accurate representation of what astartes 2 will be. Apparently this is just a very brief flashback section and the majority will take place in current 40k with primaris marines in all the new bad looking armour and vehicles. I can totally believe that this is the case since GW hates first born. If it is the case I feel extremely mislead and manipulated. This is nostalgia baiting and key jangling at its worst if true. We want a true spiritual successor to astartes 1 and that simply can’t be achieved in primaris armour. They’re frankly far too safe and halo looking to fit into the grim dark aesthetic that the artist had in the first,"['unity', 'ace', 'I', '1', 'one']"
This brings me no,"['destruction', 'oddment', 'end', 'conclusion', 'last']"
This brings me no end of,"['joy', 'joyousness', 'joyfulness', 'delight', 'pleasure']"
“I have no,"['indigence', 'need', 'want', 'pauperism', 'pauperization']"
And for a,"['muckle', 'quite_a_little', 'heap', 'portion', 'fortune', 'circle']"
And for a lot of,"['multitude', 'people', 'the_great_unwashed', 'citizenry', 'hoi_polloi', 'mass']"
"And for a lot of people thats enough.""Humility and modesty is just as much a","['signboard', 'sign_of_the_zodiac', 'mansion', 'star_sign', 'mark', 'signal']"
"And for a lot of people thats enough.""Humility and modesty is just as much a sign of","['human_beings', 'humanness', 'humanity', 'human_race', 'mankind']"
And for a lot of,"['people', 'mass', 'masses', 'multitude', 'the_great_unwashed']"
"And for a lot of people thats enough.""Humility and modesty is just as much a sign of humanity as Pride and Excellence. Its takes great people to build a","['beau_monde', 'club', 'order', 'society', 'high_society', 'guild', 'company', 'bon_ton']"
And for a lot of,"['the_great_unwashed', 'masses', 'hoi_polloi', 'multitude', 'citizenry']"
"And for a lot of people thats enough.""Humility and modesty is just as much a sign of humanity as Pride and Excellence. Its takes great people to build a society and average people to run it. Both would be in","['wrecking', 'ruin', 'ruining', 'ruination', 'downfall']"
"And for a lot of people thats enough.""Humility and modesty is just as much a sign of humanity as Pride and Excellence. Its takes great people to build a society and average people to run it. Both would be in ruin without the other.","['praise', 'congratulations', 'kudos', 'extolment']"
"And for a lot of people thats enough.""Humility and modesty is just as much a sign of humanity as Pride and Excellence. Its takes great people to build a society and average people to run it. Both would be in ruin without the other. Praise be to anyone who can see the","['significance', 'import', 'implication', 'meaning', 'signification']"
This,"['guy', 'cat', 'hombre', 'bozo', 'Guy', 'guy_cable', 'guy_wire', 'guy_rope']"
This guy nails grimdark just as i imagined it as a,"['shaver', 'tiddler', 'child', 'small_fry', 'minor']"
Wow its like GW is listening to its,"['buff', 'sports_fan', 'devotee', 'lover', 'fan']"
Katt Williams is reminding me of Bob Marley how he just wants,"['peace_of_mind', 'ataraxis', 'serenity', 'peace', 'peace_treaty', 'heartsease']"
Katt looking like he shouldve been a,"['ground', 'background_signal', 'scope', 'setting', 'desktop']"
Katt looking like he shouldve been a background,"['dancer', 'professional_dancer', 'terpsichorean', 'social_dancer']"
Katt looking like he shouldve been a background dancer in Bone Thug-N-Harmony Ghetto Cowboy,"['music', 'euphony', 'medicine']"
Katt looking like he shouldve been a background dancer in Bone Thug-N-Harmony Ghetto Cowboy music,"['telecasting', 'television', 'TV', 'video', 'picture']"
30:12 the cuda has no front,"['end', 'goal', 'conclusion']"
30:12 the cuda has no front end but we are still competing! Lots of,"['problem', 'job', 'trouble']"
30:12 the cuda has no front end but we are still competing! Lots of problems getting to the,"['path', 'racetrack', 'track', 'racecourse']"
30:12 the cuda has no front end but we are still competing! Lots of problems getting to the track didn’t make,['hotel']
So a,"['miniskirt', 'mini']"
So a mini,['anthology']
So a mini anthology,"['series', 'serial', 'serial_publication']"
Yall should listen to a,"['song', 'Song_dynasty', 'vocal', 'Sung_dynasty', 'call']"
Yall should listen to a song called secret,"['war', 'warfare', 'state_of_war']"
Omg I’m stoked for the,"['goat', 'laughingstock', 'caprine_animal', 'Capricorn_the_Goat', 'Capricorn']"
Katt calling out all of Theos,"['taradiddle', 'tarradiddle', 'write_up', 'report', 'story']"
Katt calling out all of Theos stories is wild. Howd he have,"['time', 'sentence', 'prison_term', 'fourth_dimension', 'clock_time']"
Katt calling out all of Theos stories is wild. Howd he have time to learn all that about Theo while keeping up his 60+,"['Word', 'Holy_Scripture', ""al-Qur'an"", 'ledger', 'script']"
Katt calling out all of Theos stories is wild. Howd he have time to learn all that about Theo while keeping up his 60+ books per,"['hebdomad', 'workweek', 'calendar_week']"
I miss the old,"['daytime', 'day', 'Day']"
I miss the old days of,"['people', 'citizenry', 'multitude', 'masses', 'mass', 'hoi_polloi', 'the_great_unwashed']"
I miss the old days of people spamming X on everything and anything and throwing,['grenade']
I miss the old days of people spamming X on everything and anything and throwing grenades everywhere to try and find the next,"['tone', 'footfall', 'footmark', 'stride', ""stone's_throw""]"
I miss the old days of people spamming X on everything and anything and throwing grenades everywhere to try and find the next step. Used to love going between you NGTz etcs,"['stream', 'watercourse', 'flow', 'current']"
I miss the old days of people spamming X on everything and anything and throwing grenades everywhere to try and find the next step. Used to love going between you NGTz etcs streams to see if anyones found anything new. I only just found out the,"['map', 'function', 'mathematical_function', 'single-valued_function', 'mapping']"
I miss the old days of people spamming X on everything and anything and throwing grenades everywhere to try and find the next step. Used to love going between you NGTz etcs streams to see if anyones found anything new. I only just found out the map has come out and the EE,"['guide', 'pathfinder', 'scout', 'usher', 'template']"
I miss the old days of people spamming X on everything and anything and throwing grenades everywhere to try and find the next step. Used to love going between you NGTz etcs streams to see if anyones found anything new. I only just found out the map has come out and the EE guide is already out?? :/ How have,"['birdsong', 'call_option', 'birdcall', 'Call', 'claim', 'vociferation', 'margin_call', 'yell', 'cry', 'shout']"
I miss the old days of people spamming X on everything and anything and throwing grenades everywhere to try and find the next step. Used to love going between you NGTz etcs streams to see if anyones found anything new. I only just found out the map has come out and the EE guide is already out?? :/ How have call of,"['duty', 'responsibility', 'obligation', 'tariff']"
I miss the old days of people spamming X on everything and anything and throwing grenades everywhere to try and find the next step. Used to love going between you NGTz etcs streams to see if anyones found anything new. I only just found out the map has come out and the EE guide is already out?? :/ How have call of duty given the,"['community', 'community_of_interests', 'residential_district', 'residential_area', 'biotic_community']"
I miss the old days of people spamming X on everything and anything and throwing grenades everywhere to try and find the next step. Used to love going between you NGTz etcs streams to see if anyones found anything new. I only just found out the map has come out and the EE guide is already out?? :/ How have call of duty given the community less content to make?? looks cool i,"['speculation', 'surmisal', 'guess']"
I miss the old days of people spamming X on everything and anything and throwing grenades everywhere to try and find the next step. Used to love going between you NGTz etcs streams to see if anyones found anything new. I only just found out the map has come out and the EE guide is already out?? :/ How have call of duty given the community less content to make?? looks cool i guess,['Tho']
@teayteay1ful Are you trolling? Kat said this to Theo.,"['zero', 'nix', 'naught', 'zilch', 'nada']"
Cool to see First,"['Born', 'Max_Born']"
It sounds like she’s a good hearted and anxious young,"['woman', 'adult_female', 'charwoman', 'char', 'cleaning_woman', 'cleaning_lady', 'womanhood', 'fair_sex']"
It sounds like she’s a good hearted and anxious young woman and she just needs a little more,"['affectionateness', 'tenderness', 'philia', 'warmheartedness', 'softheartedness', 'tenderheartedness']"
It sounds like she’s a good hearted and anxious young woman and she just needs a little more tenderness and,"['bread_and_butter', 'supporting', 'backup', 'backing', 'funding', 'keep', 'livelihood', 'reenforcement', 'support', 'financial_support', 'financial_backing', 'reinforcement', 'living', 'accompaniment']"
It sounds like she’s a good hearted and anxious young woman and she just needs a little more tenderness and support in her,"['relationship', 'human_relationship', 'kinship', 'family_relationship']"
It sounds like she’s a good hearted and anxious young woman and she just needs a little more tenderness and support in her relationships. I have no,"['doubtfulness', 'question', 'dubiousness', 'dubiety', 'doubt']"
It sounds like she’s a good hearted and anxious young woman and she just needs a little more tenderness and support in her relationships. I have no doubt that her,"['dearest', 'love_life', 'making_love', 'beloved', 'passion', 'lovemaking']"
It sounds like she’s a good hearted and anxious young woman and she just needs a little more tenderness and support in her relationships. I have no doubt that her love is reciprocal and,"['kind', 'sort', 'form', 'variety']"
It sounds like she’s a good hearted and anxious young woman and she just needs a little more tenderness and support in her relationships. I have no doubt that her love is reciprocal and kind and loving to her,"['spouse', 'partner', 'pardner', 'married_person', 'better_half', 'mate']"
It sounds like she’s a good hearted and anxious young woman and she just needs a little more tenderness and support in her relationships. I have no doubt that her love is reciprocal and kind and loving to her partner in,"['riposte', 'payoff', 'coming_back', 'rejoinder']"
It sounds like she’s a good hearted and anxious young woman and she just needs a little more tenderness and support in her relationships. I have no doubt that her love is reciprocal and kind and loving to her partner in return. He seems like he wants to have a good,"['metre', 'clock_time', 'fourth_dimension', 'time', 'prison_term']"
It sounds like she’s a good hearted and anxious young woman and she just needs a little more tenderness and support in her relationships. I have no doubt that her love is reciprocal and kind and loving to her partner in return. He seems like he wants to have a good time and is more avoidant in his,"['communication', 'communicating']"
It sounds like she’s a good hearted and anxious young woman and she just needs a little more tenderness and support in her relationships. I have no doubt that her love is reciprocal and kind and loving to her partner in return. He seems like he wants to have a good time and is more avoidant in his communication,"['dash', 'expressive_style', 'mode', 'style', 'trend']"
It sounds like she’s a good hearted and anxious young woman and she just needs a little more tenderness and support in her relationships. I have no doubt that her love is reciprocal and kind and loving to her partner in return. He seems like he wants to have a good time and is more avoidant in his communication style. If it’s not easy he’s not interested. It’s not necessarily that he’s a BAD,"['individual', 'person', 'soul', 'somebody', 'mortal']"
It sounds like she’s a good hearted and anxious young woman and she just needs a little more tenderness and support in her relationships. I have no doubt that her love is reciprocal and kind and loving to her partner in return. He seems like he wants to have a good time and is more avoidant in his communication style. If it’s not easy he’s not interested. It’s not necessarily that he’s a BAD person he’s just not willing to engage beyond,"['comforter', 'quilt', 'consolation', 'puff', 'comfort', 'ease']"
It sounds like she’s a good hearted and anxious young woman and she just needs a little more tenderness and support in her relationships. I have no doubt that her love is reciprocal and kind and loving to her partner in return. He seems like he wants to have a good time and is more avoidant in his communication style. If it’s not easy he’s not interested. It’s not necessarily that he’s a BAD person he’s just not willing to engage beyond comfort and,"['surface', ""Earth's_surface"", 'open', 'airfoil', 'aerofoil', 'control_surface']"
This is one of those all-time historic youtube,"['telecasting', 'television', 'TV', 'picture', 'video']"
This is one of those all-time historic youtube videos that will forever be archived in the,"['history', 'account', 'chronicle', 'story']"
Lol this,"['sheik', 'beau', 'swell', 'buster', 'fop', 'clotheshorse', 'fellow', 'gallant', 'fashion_plate', 'dandy']"
Lol this dude likes to think that hes it. Hes an,"['idiot', 'imbecile', 'cretin', 'moron', 'changeling', 'half-wit', 'retard']"
These are two,"['intersection', 'product', 'ware', 'mathematical_product']"
These are two products of an American,"['breeding', 'rearing', 'fostering', 'upbringing']"
These are two products of an American upbringing and,['experience']
These are two products of an American upbringing and experience that no longer exists. That’s what makes them,"['illustration', 'deterrent_example', 'model', 'lesson', 'example', 'object_lesson', 'representative', 'instance', 'exemplar', 'case']"
These are two products of an American upbringing and experience that no longer exists. That’s what makes them examples of American,"['master', 'master_copy', 'original', 'archetype', 'pilot']"
These are two products of an American upbringing and experience that no longer exists. That’s what makes them examples of American originals and,"['treasure', 'hoarded_wealth', 'gem']"
These are two products of an American upbringing and experience that no longer exists. That’s what makes them examples of American originals and treasures. Also they both bear,"['fruit', 'yield']"
These are two products of an American upbringing and experience that no longer exists. That’s what makes them examples of American originals and treasures. Also they both bear fruit edify and keep the,"['verity', 'truth', 'true_statement']"
These are two products of an American upbringing and experience that no longer exists. That’s what makes them examples of American originals and treasures. Also they both bear fruit edify and keep the truth. “Dodging,"['smoke', 'hummer', 'heater']"
These are two products of an American upbringing and experience that no longer exists. That’s what makes them examples of American originals and treasures. Also they both bear fruit edify and keep the truth. “Dodging bullets” and “Surviving the,"['gauntlet', 'gantlet', 'metal_glove']"
Thank u!,['thanks']
am i the only,"['one', '1', 'I', 'ace', 'single', 'unity']"
am i the only one that gets annoyed at the,"['way_of_life', 'direction', 'mode', 'path', 'way']"
am i the only one that gets annoyed at the way Kat,"['talk', 'negotiation', 'lecture', 'public_lecture', 'talking']"
<mask> for your vulnerability Rachael. I hear and can identify with the insecurities of someone who claims you arent the one. For what its worth closure with James and a therapist may be really helpful for healing. Sending you all the vibes healing self-love. I briefly googled yalls astrology charts and if he really is a Pisces rising its interesting this happened when the south node of the moon moved into his 7th house of relationships. It is infamously known as time of breakups.,['thanks']
Thanks for your,"['vulnerability', 'exposure']"
Thanks for your vulnerability Rachael. I hear and can identify with the,['insecurity']
Thanks for your vulnerability Rachael. I hear and can identify with the insecurities of,"['person', 'individual', 'mortal', 'someone', 'soul']"
Thanks for your vulnerability Rachael. I hear and can identify with the insecurities of some<mask> who claims you arent the one. For what its worth closure with James and a therapist may be really helpful for healing. Sending you all the vibes healing self-love. I briefly googled yalls astrology charts and if he really is a Pisces rising its interesting this happened when the south node of the moon moved into his 7th house of relationships. It is infamously known as time of breakups.,"['one', '1', 'I', 'ace', 'single', 'unity']"
Thanks for your vulnerability Rachael. I hear and can identify with the insecurities of someone who claims you arent the one. For what its,"['worth', 'Worth', 'Charles_Frederick_Worth']"
Thanks for your vulnerability Rachael. I hear and can identify with the insecurities of someone who claims you arent the one. For what its worth,"['block', 'closing', 'closedown', 'blockage', 'stop', 'occlusion']"
Thanks for your vulnerability Rachael. I hear and can identify with the insecurities of someone who claims you arent the one. For what its worth closure with James and a,"['therapist', 'healer']"
Thanks for your vulnerability Rachael. I hear and can identify with the insecurities of someone who claims you arent the one. For what its worth closure with James and a therapist may be really helpful for healing. Sending you all the,"['vibraphone', 'vibraharp', 'vibes', 'vibration', 'vibe']"
Thanks for your vulnerability Rachael. I hear and can identify with the insecurities of someone who claims you arent the one. For what its worth closure with James and a therapist may be really helpful for healing. Sending you all the vibes healing self-love. I briefly googled yalls,"['astrology', 'star_divination']"
Thanks for your vulnerability Rachael. I hear and can identify with the insecurities of someone who claims you arent the one. For what its worth closure with James and a therapist may be really helpful for healing. Sending you all the vibes healing self-love. I briefly googled yalls astrology,['chart']
Thanks for your vulnerability Rachael. I hear and can identify with the insecurities of someone who claims you arent the one. For what its worth closure with James and a therapist may be really helpful for healing. Sending you all the vibes healing self-love. I briefly googled yalls astrology charts and if he really is a Pisces,"['rise', 'rising', 'ascent', 'ascension', 'rebellion', 'insurrection', 'revolt', 'uprising']"
Thanks for your vulnerability Rachael. I hear and can identify with the insecurities of someone who claims you arent the one. For what its worth closure with James and a therapist may be really helpful for healing. Sending you all the vibes healing self-love. I briefly googled yalls astrology charts and if he really is a Pisces rising its interesting this happened when the south,"['node', 'knob', 'lymph_node', 'client', 'lymph_gland']"
Thanks for your vulnerability Rachael. I hear and can identify with the insecurities of someone who claims you arent the one. For what its worth closure with James and a therapist may be really helpful for healing. Sending you all the vibes healing self-love. I briefly googled yalls astrology charts and if he really is a Pisces rising its interesting this happened when the south node of the,"['moon', 'lunar_month', 'Moon']"
Thanks for your vulnerability Rachael. I hear and can identify with the insecurities of someone who claims you arent the one. For what its worth closure with James and a therapist may be really helpful for healing. Sending you all the vibes healing self-love. I briefly googled yalls astrology charts and if he really is a Pisces rising its interesting this happened when the south node of the moon moved into his 7th,"['menage', 'theater', 'mansion', 'home']"
Thanks for your vulnerability Rachael. I hear and can identify with the insecurities of someone who claims you arent the one. For what its worth closure with James and a therapist may be really helpful for healing. Sending you all the vibes healing self-love. I briefly googled yalls astrology charts and if he really is a Pisces rising its interesting this happened when the south node of the moon moved into his 7th house of,"['relationship', 'human_relationship', 'kinship', 'family_relationship']"
Thanks for your vulnerability Rachael. I hear and can identify with the insecurities of someone who claims you arent the one. For what its worth closure with James and a therapist may be really helpful for healing. Sending you all the vibes healing self-love. I briefly googled yalls astrology charts and if he really is a Pisces rising its interesting this happened when the south node of the moon moved into his 7th house of relationships. It is infamously known as,"['metre', 'time', 'clip']"
Thanks for your vulnerability Rachael. I hear and can identify with the insecurities of someone who claims you arent the one. For what its worth closure with James and a therapist may be really helpful for healing. Sending you all the vibes healing self-love. I briefly googled yalls astrology charts and if he really is a Pisces rising its interesting this happened when the south node of the moon moved into his 7th house of relationships. It is infamously known as time of,"['dissolution', 'breakup', 'separation', 'detachment']"
I hope this is good and I hope they will do,"['Astarte', 'Ashtoreth']"
Thank you for bringing the,"['butt', 'Capricorn_the_Goat', 'Goat', 'caprine_animal', 'laughingstock']"
“ I put a,"['jook', 'juke', 'juke_house']"
@weshouldtlk why,"['Don', 'preceptor', 'don', 'father', 'Don_River']"
@weshouldtlk why don’t you try to,"['day_of_the_month', 'date', 'escort', 'engagement', 'particular_date']"
@weshouldtlk why don’t you try to date him. You seem obsessed in all these,"['commentary', 'scuttlebutt', 'comment', 'remark', 'gossip']"
@weshouldtlk why don’t you try to date him. You seem obsessed in all these comments. Do you have anything nice to say about her,"['outside', 'exterior']"
@weshouldtlk why don’t you try to date him. You seem obsessed in all these comments. Do you have anything nice to say about her outside this whole,"['relationship', 'human_relationship', 'kinship', 'family_relationship']"
@weshouldtlk why don’t you try to date him. You seem obsessed in all these comments. Do you have anything nice to say about her outside this whole relationship,"['talk', 'talking', 'lecture', 'public_lecture', 'talk_of_the_town']"
For Alph....I mean for the,"['emperor', 'emperor_moth', 'Saturnia_pavonia', 'emperor_butterfly']"
(side,"['annotation', 'notation', 'tone', 'Federal_Reserve_note', 'billet']"
(side note one,"['component', 'persona', 'voice', 'constituent', 'role']"
(side note one part of me is sad that both of them trying to talk somethn serious it should be aaaaalll Jokes these,['fucker']
Ya the,"['imperativeness', 'insistency', 'pressure_sensation', 'pressing', 'insistence']"
If 6,"['year', 'twelvemonth', 'yr', 'class']"
If 6 year ago Theo could see where he is at now… congrats. Gang,"['crew', 'bunch', 'gang', 'work_party', 'crowd']"
Katt Williams is unstable give it,"['meter', 'clock_time', 'fourth_dimension', 'prison_term', 'metre']"
Katt Williams is unstable give it time he will turn on theo and weaponise this podcast theo was walking on,"['shell', 'eggshell']"
Katt Williams is unstable give it time he will turn on theo and weaponise this podcast theo was walking on eggshells around this,"['valet', 'human_race', 'adult_male', 'gentleman']"
That was a holy shit,"['moment', 'minute', 'second', 'instant', 'mo', 'bit', 'here_and_now', 'present_moment', 'consequence', 'import']"
My solo,"['game', 'plot', 'secret_plan', 'biz']"
My solo game glitched. I was on the parasite,"['footstep', 'stair', 'measure', 'pace']"
My solo game glitched. I was on the parasite step with,"['ball', 'eyeball', 'orb']"
My solo game glitched. I was on the parasite step with orbs. The,"['blind', 'screen_door', 'silver_screen']"
My solo game glitched. I was on the parasite step with,"['globe', 'ball', 'orb']"
My solo game glitched. I was on the parasite step with orbs. The screen flashed white like i conpleted it. I came out with an orb in,"['paw', 'handwriting', 'bridge_player', 'hired_hand', 'manus']"
My solo game glitched. I was on the parasite step with orbs. The screen flashed white like i conpleted it. I came out with an orb in hand the wrong one i believe then proceeded to aether to put back but,"['zero', 'null', 'nada', 'cypher', 'naught']"
My solo game glitched. I was on the parasite step with orbs. The screen flashed white like i conpleted it. I came out with an orb in hand the wrong one i believe then proceeded to aether to put back but nothing happened when i went to place it. Died. Far as i made it. Played 3 or 4 more,"['cycle', 'rhythm', 'one_shot', 'rung', 'turn']"
My solo game glitched. I was on the parasite step with orbs. The screen flashed white like i conpleted it. I came out with an orb in hand the wrong one i believe then proceeded to aether to put back but nothing happened when i went to place it. Died. Far as i made it. Played 3 or 4 more rounds but gave up on the EE. 2,"['hour', 'hours', 'hr']"
Our,"['line', 'line_of_descent', 'rip', 'stemma', 'profligate']"
Our Blood Is On Your,"['men', 'manus', 'hired_man', 'work_force', 'deal']"
Treyarch NEED to make that,"['percentage', 'office', 'component_part', 'function', 'share', 'parting', 'voice', 'component', 'section']"
Treyarch NEED to make that part solo possible in full,"['match', 'lucifer', 'friction_match', 'mate', 'catch', 'peer', 'equal', 'compeer', 'couple', 'mates']"
Treyarch NEED to make that part solo possible in full matches if they want the,"['average', 'norm']"
Treyarch NEED to make that part solo possible in full matches if they want the average,"['instrumentalist', 'histrion', 'player', 'role_player', 'musician']"
Treyarch NEED to make that part solo possible in full matches if they want the average player to care about Ice,"['staff', 'faculty', 'stave']"
Treyarch NEED to make that part solo possible in full matches if they want the average player to care about Ice staff for longer than a,"['week', 'hebdomad', 'workweek', 'calendar_week']"
Treyarch NEED to make that part solo possible in full matches if they want the average player to care about Ice,"['staff', 'faculty', 'stave']"
Oh,"['male_child', 'boy', 'son']"
Oh boy! Katt kicked off 2024 with a,"['smasher', 'boot', 'bam', 'bash', 'fringe', 'charge']"
<mask> a bug with the staff step sometimes during the wave part to get the staff part they dont all spawn and basically you cant complete the step,['there']
theres a,"['bug', 'glitch', 'hemipterous_insect', 'hemipteran', 'hemipteron', 'microbe', 'germ']"
theres a bug with the,"['staff', 'faculty', 'stave']"
theres a bug with the staff,"['footmark', 'stair', 'whole_step', 'pace', 'measure', 'whole_tone', 'gradation', 'tone']"
theres a bug with the staff step sometimes during the wave,"['portion', 'part', 'contribution', 'persona', 'office', 'function', 'division', 'share', 'region', 'constituent']"
theres a bug with the,"['staff', 'faculty', 'stave']"
theres a bug with the staff step sometimes during the wave,"['parting', 'region', 'function', 'piece', 'component', 'share', 'division']"
theres a bug with the staff step sometimes during the wave part to get the staff part they dont all,['spawn']
theres a bug with the staff,"['footstep', 'footprint', 'whole_tone', 'dance_step', 'stair', 'pace', 'gradation', 'whole_step']"
<mask> off to you Rachael for sitting down and exposing him in this way. He has been emotionally abusive to you and you deserve better.,"['hat', 'chapeau', 'lid']"
Hats off to you Rachael for sitting down and exposing him in this,"['mode', 'room', 'means', 'direction', 'elbow_room']"
ONLY BULLETS WORK ON THE BOSS NOT,['explosive']
Katt Williams is the,"['homo', 'world', ""gentleman's_gentleman"", 'human', 'valet']"
Im in teeeaaarrs Thank you both I needed this,['today']
It’s only,"['24-hour_interval', 'Clarence_Shepard_Day_Jr.', 'Clarence_Day', 'Day', 'mean_solar_day']"
It’s only day and my,"['calendar_week', 'week', 'hebdomad']"
It’s only day and my week has already been made So so happy to see Tom McGilton. An Whynot,"['camera', 'photographic_camera', 'television_camera', 'tv_camera']"
It’s only day and my week has already been made So so happy to see Tom McGilton. An Whynot camera back in,"['action', 'action_mechanism', 'natural_process', 'natural_action']"
It’s only day and my week has already been made So so happy to see Tom McGilton. An Whynot camera back in action missed that,"['car', 'railroad_car', 'railcar']"
It’s only day and my week has already been made So so happy to see Tom McGilton. An Whynot camera back in action missed that car so much Also nice to see Dave Schroeder C7 back after that massive,"['clang', 'crash', 'clangoring', 'clangour', 'clash']"
It’s only,"['Clarence_Day', 'sidereal_day', 'day', 'Day', 'daytime']"
It’s only day and my week has already been made So so happy to see Tom McGilton. An Whynot camera back in action missed that car so much Also nice to see Dave Schroeder C7 back after that massive crash on day 1 last,"['year', 'twelvemonth', 'yr']"
Dude I peed my,"['gasp', 'bloomers', 'trouser', 'drawers', 'knickers']"
Dude I peed my pants laughing about the,['statue']
they should let this,"['guy', 'cat', 'hombre', 'bozo', 'Guy', 'guy_cable', 'guy_wire', 'guy_rope']"
they should let this guy be Henrys right,"['hired_hand', 'hired_man', 'script', 'deal', 'bridge_player', 'paw', 'mitt', 'hand', 'manus']"
they should let this guy be Henrys right hand,"['mankind', 'human_beings', ""gentleman's_gentleman"", 'military_personnel', 'gentleman', 'homo', 'valet_de_chambre', 'human_race', 'world']"
they should let this guy be Henrys right hand man for the cinematic,"['universe', 'existence', 'creation', 'world', 'cosmos', 'macrocosm', 'population', 'universe_of_discourse']"
Omfg Finally Theo got a real,"['lifespan', 'life_story', 'biography', 'liveliness']"
Spoken like a,"['Guy', 'guy_cable', 'hombre', 'guy', 'cat']"
Spoken like a guy that doesn’t have to work a normal,"['chore', 'line_of_work', 'job', 'task', 'problem', 'Book_of_Job', 'Job', 'occupation']"
Very well done appreciate this,"['video', 'picture', 'video_recording', 'television', 'telecasting', 'TV']"
Theos,['shirt']
Theos shirt and Katts whole,"['outfit', 'getup', 'rig', 'turnout', 'kit']"
These new,"['zombi', 'zombie', 'living_dead', 'zombi_spirit', 'zombie_spirit', 'snake_god', 'automaton']"
These new zombies maps just aint it keep going back to oldyz like,"['revealing', 'Revelation_of_Saint_John_the_Divine', 'Revelation', 'revelation', 'divine_revelation']"
I want a Kat William,"['nutcracker', 'nuthatch']"
The S,"['grade', 'level', 'tier', 'tier_up']"
The S tier Independent,"['God_Almighty', 'Maker', 'Divine', 'Creator', 'Lord', 'Godhead', 'Almighty', 'Jehovah']"
<mask> date is sometime in 2026...,"['going', 'dismission', 'spillage', 'expiration', 'loss', 'dismissal', 'sack', 'freeing', 'handout']"
Release,"['date', 'engagement', 'day_of_the_month', 'appointment', 'escort']"
And then tarnishing the,"['name', 'gens', 'figure', 'public_figure', 'epithet']"
And then tarnishing the name of God and the,"['Holy_Scripture', 'Christian_Bible', 'Bible', 'intelligence', 'Scripture']"
And then tarnishing the name of God and the word of God to do it is crazy knowing he actively hurt the one,"['person', 'individual', 'someone', 'somebody', 'mortal', 'soul']"
And then tarnishing the name of God and the word of God to do it is crazy knowing he actively hurt the one person who he should love the most. The fake,"['religiosity', 'religionism', 'religiousism', 'pietism']"
And then tarnishing the name of God and the word of God to do it is crazy knowing he actively hurt the one person who he should love the most. The fake religiosity is such a tired,['personality']
And then tarnishing the name of God and the word of God to do it is crazy knowing he actively hurt the one person who he should love the most. The fake religiosity is such a tired personality to have on social,"['medium', 'culture_medium', 'spiritualist', 'sensitive', 'mass_medium', 'metier']"
The,['statue']
The statue of katt,"['Williams', 'Hiram_King_Williams', 'Hiram_Williams']"
<mask>. ITS HAPPENING. THEY ARE LETTING HIM COOK.,"['comrade', 'buddy']"
She is waaaay too,"['kind', 'sort', 'form', 'variety']"
She is waaaay too kind to him and gentle. I hope she gets every,"['sum', 'sum_of_money', 'amount', 'amount_of_money', 'measure', 'quantity', 'total']"
She is waaaay too kind to him and gentle. I hope she gets every amount of,"['love_life', 'honey', 'lovemaking', 'sexual_love', 'erotic_love']"
She is waaaay too kind to him and gentle. I hope she gets every amount of love she deserves and,"['validation', 'proof', 'substantiation', 'establishment']"
liked before the,"['video', 'picture', 'video_recording', 'television', 'telecasting', 'TV']"
OH MY GOD. I just woke up and immediately freshen up after seeing this on my,"['presentment', 'notification', 'telling', 'apprisal', 'notice']"
OH MY GOD. I just woke up and immediately freshen up after seeing this on my notification. Lets gooo.. imma listen to the,"['caprine_animal', 'butt', 'stooge', 'laughingstock', 'goat']"
OH MY GOD. I just woke up and immediately freshen up after seeing this on my notification. Lets gooo.. imma listen to the goat first 06:40 Katts spitting wisdom 46:10 The,"['powerlessness', 'impotence', 'impotency']"
How can you make a,"['usher', 'guide', 'guidebook', 'template', 'templet', 'scout', 'pathfinder']"
You can tell Katt respects Theo as a,"['comedian', 'comic']"
White,"['masses', 'the_great_unwashed', 'multitude', 'hoi_polloi', 'people']"
White people are the,"['existence', 'domain', 'cosmos', 'creation', 'macrocosm']"
White people are the world,"['minority', 'nonage']"
LITERALLY!!! When she realizes how manipulative and emotionally abusive he was. There’s a,"['ground', 'intellect', 'cause', 'grounds', 'rationality']"
LITERALLY!!! When she realizes how manipulative and emotionally abusive he was. There’s a,"['ground', 'grounds', 'intellect', 'reason', 'cause']"
Just,"['part', 'contribution', 'role']"
Why is Mark Zuckerberg,"['moving_picture', 'depiction', 'flick']"
What a,"['lading', 'load', 'freight', 'payload', 'loading']"
What a load of,"['crock', 'earthenware_jar', 'carbon_black']"
What a load of crock. He’s a,"['grab', 'stop', 'collar', 'gimmick']"
What a load of crock. He’s a catch in more,"['fashion', 'agency', 'path', 'slipway']"
What a load of crock. He’s a catch in more ways than one. Smart kindhearted handsome and,"['play', 'sport', 'merriment', 'fun']"
Thankyou bruh theo von yous a wild one muh,"['Mann', 'Horace_Mann', 'Thomas_Mann']"
ahaha this is perfect. first 5,"['min', 'transactions', 'mo', 'arcminute', 'proceedings']"
ahaha this is perfect. first 5 minutes and Im in the right,"['spot', 'situation', 'position', 'piazza', 'space']"
ahaha this is perfect. first 5 minutes and Im in the right place. all the top,"['remark', 'input', 'gossip', 'scuttlebutt', 'commentary']"
ahaha this is perfect. first 5 minutes and Im in the right place. all the top comments sum this,"['episode', 'installment', 'instalment', 'sequence']"
ahaha this is perfect. first 5 minutes and Im in the right place. all the top comments sum this episode up perfectly. and i like that,"['morsel', 'number', 'mo', 'act', 'snatch']"
ahaha this is perfect. first 5 minutes and Im in the right place. all the top comments sum this episode up perfectly. and i like that bit about true,['personality']
ahaha this is perfect. first 5 minutes and Im in the right place. all the top comments sum this episode up perfectly. and i like that bit about true personalities shining through on,"['silver_screen', 'sieve', 'projection_screen', 'cover', 'screen_door']"
ahaha this is perfect. first 5 minutes and Im in the right place. all the top comments sum this episode up perfectly. and i like that bit about true personalities shining through on screen and being the same in real,"['life_history', 'aliveness', 'living', 'life-time', 'animation']"
ahaha this is perfect. first 5 minutes and Im in the right place. all the top comments sum this episode up perfectly. and i like that bit about true personalities shining through on screen and being the same in real life. a,"['peck', 'quite_a_little', 'bunch', 'mess', 'slew']"
ahaha this is perfect. first 5 minutes and Im in the right place. all the top comments sum this episode up perfectly. and i like that bit about true personalities shining through on screen and being the same in real life. a lot of the,"['audience', 'hearing', 'consultation', 'interview']"
This is ultimate,"['codfish', 'pod']"
This is ultimate cod,"['guru', 'Guru']"
This is ultimate cod guru sheez watched the live yestrday unreal what,"['group', 'grouping', 'radical', 'chemical_group', 'mathematical_group']"
This is ultimate cod guru sheez watched the live yestrday unreal what group info live in,"['game', 'plot', 'secret_plan', 'biz']"
11:08,['thanks']
11:08 Thanks milo with your,"['assist', 'assistance', 'helper', 'avail', 'help']"
11:08 Thanks milo with your help i was able to successfully grab the,"['parasite', 'leech', 'sponge', 'sponger']"
11:08 Thanks milo with your help i was able to successfully grab the parasites BALLS after their BALLS dropped and complete the,"['dance_step', 'footfall', 'stride', ""stone's_throw""]"
11:08 Thanks milo with your help i was able to successfully grab the parasites BALLS after their BALLS dropped and complete the step. Appreciate the no-nonsense,"['usher', 'guide', 'guidebook', 'template', 'templet', 'scout', 'pathfinder']"
Rachel I am so very proud of you and I stand with you. I pray that God will heal your beautiful,"['nerve', 'mettle', 'centre', 'eye', 'fondness']"
Rachel I am so very proud of you and I stand with you. I pray that God will heal your beautiful heart and give you a,"['homo', 'man', 'gentleman', 'adult_male', 'valet', 'piece', 'Man', 'military_man']"
Rachel I am so very proud of you and I stand with you. I pray that God will heal your beautiful heart and give you a man that deserves you. You are beautiful and selfless and everything happens for a,"['understanding', 'ground', 'reasonableness', 'intellect', 'grounds']"
Rachel I am so very proud of you and I stand with you. I pray that God will heal your beautiful heart and give you a man that deserves you. You are beautiful and selfless and everything happens for a reason because,"['divorce', 'divorcement']"
Rachel I am so very proud of you and I stand with you. I pray that God will heal your beautiful heart and give you a man that deserves you. You are beautiful and selfless and everything happens for a reason because divorce is painful. Happy it didn’t,['get']
Rachel I am so very proud of you and I stand with you. I pray that God will heal your beautiful heart and give you a man that deserves you. You are beautiful and selfless and everything happens for a reason because divorce is painful. Happy it didn’t get to that Stay strong,"['Hun', 'Kraut', 'Krauthead', 'Boche', 'Jerry']"
Rachel I am so very proud of you and I stand with you. I pray that God will heal your beautiful heart and give you a man that deserves you. You are beautiful and selfless and everything happens for a reason because divorce is painful. Happy it didn’t get to that Stay strong hun! Life goes on and your,"['person', 'individual', 'somebody', 'mortal', 'someone']"
Katt Williams is the,"['world-beater', 'business_leader', 'Billie_Jean_Moffitt_King', 'big_businessman', 'Riley_B_King', 'top_executive']"
I just want to give her a,"['hug', 'clinch', 'squeeze']"
"Theos ""ea"" after Kat mentions the male G-spot is in the the anal","['transition', 'musical_passage', 'passage', 'handing_over']"
As,"['somebody', 'someone', 'person', 'soul', 'individual']"
As someone who just happened to stumble upon this magnificent,"['work', 'piece_of_work', 'employment', 'study', 'workplace', 'oeuvre', 'body_of_work']"
As someone who just happened to stumble upon this magnificent work can anybody tell me the different,"['host', 'legion', 'horde']"
As someone who just happened to stumble upon this magnificent work can anybody tell me the different legions in the,"['house_trailer', 'lagger', 'poke', 'laggard', 'trailer']"
As someone who just happened to stumble upon this magnificent work can anybody tell me the different legions in the trailer. I need a Warhammer For,"['retard', 'moron', 'imbecile', 'idiot', 'cretin', 'changeling']"
@Warhammer Yeah so if they would like to know what,"['multitude', 'people', 'citizenry']"
You need to relax big,"['metre', 'prison_term', 'fourth_dimension', 'sentence', 'time']"
16:50 Kat “You feeling the,"['press', 'force_per_unit_area', 'pressing', 'imperativeness', 'atmospheric_pressure', 'pressure_sensation', 'insistence']"
16:50 Kat “You feeling the pressure” Theo “Of this,"['interview', 'consultation', 'audience']"
Katt seems like he might have left his,"['kitchen_range', 'cooking_stove', 'range']"
Katt seems like he might have left his stove on the whole,"['interview', 'consultation', 'audience']"
KATT Williams got that shii on. Bros swag turning up,"['francium', 'Fr', 'atomic_number_87']"
1:23:23 the,"['ledger', 'Holy_Scripture', 'volume']"
My first,"['game', 'plot', 'secret_plan', 'biz']"
My first game was commander,['keen']
My first game was commander keen so we been playing those,"['eccentric', 'character', 'type']"
My first game was commander keen so we been playing those types of,"['game', 'plot', 'secret_plan', 'biz']"
Make sure you get,"['video', 'picture', 'video_recording', 'television', 'telecasting', 'TV']"
Make sure you get video of Tom pouting when he doesn’t win his own,"['event', 'case', 'consequence', 'effect', 'outcome', 'result', 'issue', 'upshot']"
If he regrets the,"['dissolution', 'breakup', 'separation', 'detachment']"
If he regrets the breakup,"['Post', 'situation', 'Emily_Post', 'mail_service', 'station']"
They could have actually made this,"['fun', 'merriment', 'playfulness', 'play', 'sport']"
They could have actually made this fun and we fight a giant,"['mum', 'momma', 'mammy', 'ma', 'mommy', 'mom', 'mama']"
They could have actually made this fun and we fight a giant mummy or,['statue']
They could have actually made this fun and we fight a giant mummy or statue >>> instead its a,"['miniskirt', 'mini']"
They could have actually made this fun and we fight a giant mummy or statue >>> instead its a mini Destiny Raid where we fight a,"['trophy', 'prize']"
Ill buy theo the other,"['Arabian_tea', 'kat', 'qat']"
Naw not even close. The,"['time', 'clip', 'fourth_dimension']"
Naw not even close. The times aren’t the entertaining,"['character', 'function', 'voice', 'share', 'section']"
Naw not even close. The times aren’t the entertaining part of Cleet’s,"['telecasting', 'video_recording', 'TV', 'picture', 'video']"
100% and it started when he dragged her thru the,"['mud', 'clay']"
100% and it started when he dragged her thru the mud on live,"['tv', 'video', 'TV', 'idiot_box', 'goggle_box', 'television_set', 'television', 'telly']"
100% and it started when he dragged her thru the mud on live tv in,"['front', 'front_line', 'battlefront', 'front_man', 'strawman', 'front_end']"
100% and it started when he dragged her thru the mud on live tv in front of the whole,"['country', 'body_politic', 'nation', 'rural_area', 'land']"
100% and it started when he dragged her thru the mud on live tv in front of the whole country for her going to a stupid,"['party', 'political_party', 'company']"
100% and it started when he dragged her thru the mud on live tv in front of the whole country for her going to a stupid party. Who does that to,"['person', 'individual', 'someone', 'somebody', 'mortal', 'soul']"
W Theo for this,"['collaboration', 'coaction', 'collaborationism', 'quislingism']"
0:39 that one,"['guy_wire', 'hombre', 'guy', 'bozo', 'guy_rope']"
0:39 that one guy after,"['greaser', 'wetback', 'taco']"
0:39 that one guy after taco,"['Vanessa_Bell', 'Alexander_Bell', 'gong', 'doorbell', ""ship's_bell"", 'Vanessa_Stephen', 'toll']"
This is gold and Im only 14,"['second_gear', 'mo']"
Lmfao. White,"['mass', 'multitude']"
Lmfao. White people are a,['nonage']
Lmfao. White people are a minority in,['nirvana']
She was,"['fashion', 'elbow_room', 'agency', 'path', 'direction', 'mode']"
She was way more into him than he was her and that,"['break', 'prisonbreak', 'rupture', 'geological_fault', 'breakage', 'severance', 'disruption']"
She was way more into him than he was her and that breaks my,"['marrow', 'center', 'sum', 'nub', 'affection']"
You all throw out narcissist as if it’s the,"['Bible', 'Holy_Writ', 'Christian_Bible', 'watchword', 'Logos']"
You all throw out narcissist as if it’s the word of the,"['solar_day', 'twenty-four_hour_period', 'day']"
You all throw out narcissist as if it’s the word of the day. From cultural,"['divergence', 'departure', 'conflict', 'difference_of_opinion', 'dispute', 'deviation']"
You all throw out narcissist as if it’s the word of the day. From cultural differences religious,"['preference', 'orientation', 'predilection', 'taste', 'penchant']"
You all throw out narcissist as if it’s the word of the day. From cultural differences religious preferences and,"['communication', 'communicating']"
You all throw out narcissist as if it’s the word of the day. From cultural differences religious preferences and communication,"['dash', 'flair', 'panache', 'style', 'manner']"
You all throw out narcissist as if it’s the word of the day. From cultural differences religious preferences and communication styles it’s clear they’re not each others match. So quick to find a,"['villain', 'scoundrel', 'baddie']"
You all throw out narcissist as if it’s the word of the day. From cultural differences religious preferences and communication styles it’s clear they’re not each others match. So quick to find a villain when the,"['mansion', 'preindication', 'augury']"
You all throw out narcissist as if it’s the word of the day. From cultural differences religious preferences and communication styles it’s clear they’re not each others match. So quick to find a villain when the signs clearly were there (which Rachel also sees in,['retrospect']
You all throw out narcissist as if it’s the word of the day. From cultural differences religious preferences and communication styles it’s clear they’re not each others match. So quick to find a villain when the signs clearly were there (which Rachel also sees in retrospect). We only get one,"['English', 'incline', 'side_of_meat', 'face', 'side']"
You all throw out narcissist as if it’s the word of the day. From cultural differences religious preferences and communication styles it’s clear they’re not each others match. So quick to find a villain when the signs clearly were there (which Rachel also sees in retrospect). We only get one side of the,"['narrative', 'history', 'story', 'account', 'write_up']"
he was defenetly feeling the,"['imperativeness', 'atmospheric_pressure', 'pressure', 'air_pressure', 'insistency', 'insistence']"
I am creamin in my,"['jean', 'denim', 'blue_jean']"
Can’t,"['delay', 'hold', 'time_lag', 'postponement', 'wait', 'waiting']"
Can’t wait to see her proposed to and glowing and happy in a,"['twosome', 'brace', 'match']"
Can’t wait to see her proposed to and glowing and happy in a couple,"['long_time', 'old_age', 'class']"
Can’t wait to see her proposed to and glowing and happy in a couple years with the,"['honey', 'dearest', 'erotic_love', 'beloved', 'making_love']"
Can’t wait to see her proposed to and glowing and happy in a couple years with the love and,"['saving_grace', 'grace_of_God', 'Grace', 'state_of_grace', 'goodwill']"
Can’t wait to see her proposed to and glowing and happy in a couple years with the love and grace she deserves. Rachel you are going to be just fine,"['mama', 'mamma', 'mammy']"
Can’t wait to see her proposed to and glowing and happy in a couple years with the love and grace she deserves. Rachel you are going to be just fine mama. Alex you handled this,"['interview', 'consultation', 'audience']"
Can’t wait to see her proposed to and glowing and happy in a couple years with the love and grace she deserves. Rachel you are going to be just fine mama. Alex you handled this interview with such,"['kindness', 'forgivingness', 'benignity']"
Can’t wait to see her proposed to and glowing and happy in a couple years with the love and grace she deserves. Rachel you are going to be just fine mama. Alex you handled this interview with such kindness and,"['fear', 'upkeep', 'tending', 'aid', 'tutelage']"
<mask> of the YouTubius Chapter! To Battle!,"['chum', 'pal', 'buddy', 'comrade', 'sidekick']"
Brothers of the YouTubius,['chapter']
Why’s this,"['meeting', 'group_meeting', 'get_together', 'encounter', 'coming_together', 'merging', 'confluence']"
Why’s this meeting of,"['mind', 'head', 'brain', 'psyche', 'nous', 'judgment', 'judgement', 'thinker', 'creative_thinker', 'idea', 'intellect']"
Why’s this meeting of minds feel like a,"['prophecy', 'prognostication', 'vaticination', 'divination']"
​@Pokematt557 what a New Booty ahh,"['judgment', 'legal_opinion', 'popular_opinion', 'belief', 'notion', 'public_opinion', 'feeling', 'impression']"
Wow. She deserves so much better than that little,"['male_child', 'boy', 'son']"
Wow. She deserves so much better than that little boy. He can’t even hold,"['space', 'infinite', 'outer_space', 'blank', 'distance', 'blank_space', 'place', 'quad']"
Wow. She deserves so much better than that little boy. He can’t even hold space for her,['emotion']
Wow. She deserves so much better than that little boy. He can’t even hold space for her emotions and be there for her it’s so disappointing that a,"['human_beings', 'human_being', 'human_race', 'humans', 'piece', 'world', 'gentleman', 'valet', 'Isle_of_Man', 'valet_de_chambre']"
Wow. She deserves so much better than that little boy. He can’t even hold space for her emotions and be there for her it’s so disappointing that a man of God cannot be a,"['leader', 'drawing_card', 'loss_leader']"
Wow. She deserves so much better than that little boy. He can’t even hold space for her emotions and be there for her it’s so disappointing that a man of God cannot be a leader for his,"['woman', 'adult_female', 'charwoman', 'char', 'cleaning_woman', 'cleaning_lady', 'womanhood', 'fair_sex']"
Katt Williams is so ridiculously crazy and a literal,"['walk', 'walking']"
Katt Williams is so ridiculously crazy and a literal walking,"['cartoon', 'sketch', 'animated_cartoon', 'toon']"
Katt Williams is so ridiculously crazy and a literal walking cartoon. Funny at,"['times', 'prison_term']"
Katt Williams is so ridiculously crazy and a literal walking cartoon. Funny at,"['time', 'multiplication', 'sentence']"
Katt Williams is so ridiculously crazy and a literal walking cartoon. Funny at times and other times bat shit narcissistically insane. Let’s all sidestep the,['fact']
Katt Williams is so ridiculously crazy and a literal walking cartoon. Funny at times and other times bat shit narcissistically insane. Let’s all sidestep the fact that he just said Black,"['citizenry', 'mass', 'people', 'hoi_polloi']"
Katt Williams is so ridiculously crazy and a literal walking cartoon. Funny at times and other times bat shit narcissistically insane. Let’s all sidestep the fact that he just said Black people are superior. If a YTE had said that … wouldn’t that be a white,['supremacist']
Katt Williams is so ridiculously crazy and a literal walking cartoon. Funny at times and other times bat shit narcissistically insane. Let’s all sidestep the fact that he just said Black people are superior. If a YTE had said that … wouldn’t that be a white supremacist Double,"['standard', 'criterion', 'measure', 'touchstone', 'monetary_standard', 'banner']"
Katt Williams is so ridiculously crazy and a literal walking cartoon. Funny at times and other times bat shit narcissistically insane. Let’s all sidestep the fact that he just said Black people are superior. If a YTE had said that … wouldn’t that be a white supremacist Double standard much? Also not ridiculously racist? I wish Theo would’ve had the,"['bollock', 'formal', 'ballock', 'testis']"
Katt Williams is so ridiculously crazy and a literal walking cartoon. Funny at times and other times bat shit narcissistically insane. Let’s all sidestep the fact that he just said Black people are superior. If a YTE had said that … wouldn’t that be a white supremacist Double standard much? Also not ridiculously racist? I wish Theo would’ve had the balls comedically to push back a little,"['act', 'second', 'mo', 'flake', 'morsel']"
Katt Williams is so ridiculously crazy and a literal walking cartoon. Funny at times and other times bat shit narcissistically insane. Let’s all sidestep the fact that he just said Black people are superior. If a YTE had said that … wouldn’t that be a white supremacist Double standard much? Also not ridiculously racist? I wish Theo would’ve had the balls comedically to push back a little bit. Especially the,"['way_of_life', 'fashion', 'means', 'direction', 'elbow_room']"
Katt Williams is so ridiculously crazy and a literal walking cartoon. Funny at times and other times bat shit narcissistically insane. Let’s all sidestep the fact that he just said Black people are superior. If a YTE had said that … wouldn’t that be a white supremacist Double standard much? Also not ridiculously racist? I wish Theo would’ve had the balls comedically to push back a little bit. Especially the way he so subtly,"['troll', 'round', 'trolling']"
Katt Williams is so ridiculously crazy and a literal walking cartoon. Funny at times and other times bat shit narcissistically insane. Let’s all sidestep the fact that he just said Black,"['citizenry', 'hoi_polloi', 'masses']"
Katt Williams is so ridiculously crazy and a literal walking cartoon. Funny at times and other times bat shit narcissistically insane. Let’s all sidestep the fact that he just said Black people are superior. If a YTE had said that … wouldn’t that be a white supremacist Double standard much? Also not ridiculously racist? I wish Theo would’ve had the balls comedically to push back a little bit. Especially the way he so subtly trolls and does with everyone else. And saying white people are in heaven? Good god how do these,['nooky']
Katt Williams is so ridiculously crazy and a literal walking cartoon. Funny at times and other times bat shit narcissistically insane. Let’s all sidestep the fact that he just said Black people are superior. If a YTE had said that … wouldn’t that be a white supremacist Double standard much? Also not ridiculously racist? I wish Theo would’ve had the balls comedically to push back a little bit. Especially the way he so subtly trolls and does with everyone else. And saying white people are in heaven? Good god how do these fucks get away with their rampant,"['racism', 'racialism', 'racial_discrimination']"
Katt Williams is so ridiculously crazy and a literal walking cartoon. Funny at times and other times bat shit narcissistically insane. Let’s all sidestep the fact that he just said Black people are superior. If a YTE had said that … wouldn’t that be a white supremacist Double standard much? Also not ridiculously racist? I wish Theo would’ve had the balls comedically to push back a little bit. Especially the way he so subtly trolls and does with everyone else. And saying white people are in heaven? Good god how do these fucks get away with their rampant racism and double,"['standard', 'criterion', 'measure', 'touchstone', 'monetary_standard', 'banner']"
Katt Williams is so ridiculously crazy and a literal walking cartoon. Funny at times and other times bat shit narcissistically insane. Let’s all sidestep the fact that he just said Black people are superior. If a YTE had said that … wouldn’t that be a white supremacist Double standard much? Also not ridiculously racist? I wish Theo would’ve had the balls comedically to push back a little bit. Especially the way he so subtly trolls and does with everyone else. And saying white people are in heaven? Good god how do these fucks get away with their rampant racism and double standards Katt Williams forever simultaneously smart and stupid. Praise gawd,"['sister', 'babe', 'baby']"
16:53 “-of this Interview??“ Theo,"[""tinker's_dam"", ""tinker's_damn"", 'damn', 'red_cent', 'shucks', 'darn', 'hoot']"
16:53 “-of this Interview??“ Theo damn well IS feeling the,"['air_pressure', 'imperativeness', 'pressing', 'pressure', 'force_per_unit_area', 'insistence']"
16:53 “-of this Interview??“ Theo damn well IS feeling the pressure of the,"['interview', 'consultation', 'audience']"
I have a,"['enquiry', 'query', 'dubiousness', 'inquiry', 'doubtfulness', 'interrogation', 'question', 'head', 'interrogative', 'interrogative_sentence']"
I have a question. Does anyone know why Katt Williams said don’t say the,"['things', 'thing', 'matter', 'affair']"
Holy,"['fuck', 'fucking', 'screw', 'screwing', 'ass', 'nooky', 'nookie', 'piece_of_ass', 'piece_of_tail', 'roll_in_the_hay', 'shag', 'shtup']"
Holy fuck! My fuckin,"['darling', 'deary', 'favorite', 'ducky', 'dearie']"
Holy fuck! My fuckin favorite comedian ever and fuckin Theo von sitting at a table wtf. lol kat,"['Theodore_Samuel_Williams', 'Roger_Williams', 'Bernard_Arthur_Owen_Williams', 'Tennessee_Williams', 'Williams']"
Holy fuck! My fuckin favorite comedian ever and fuckin Theo von sitting at a table wtf. lol kat williams is the best.,['thanks']
Please make the,"['sequel', 'subsequence', 'continuation']"
Please make the sequel about three,"['hr', 'time_of_day', 'hour']"
Please make the sequel about three hours long.,['thanks']
<mask> when theo tries to normalize coaches tickling and kat looks at the camera Lol,"['fashion_plate', 'dandy', 'swell', 'fellow', 'beau', 'clotheshorse', 'fop', 'dude', 'sheik', 'gallant']"
Dude when theo tries to normalize,"['private_instructor', 'four-in-hand', 'handler', 'carriage', 'motorcoach']"
Dude when theo tries to normalize coaches tickling and kat,"['tone', 'looking', 'face', 'facial_expression', 'flavour', 'look']"
Dude when theo tries to normalize coaches tickling and kat looks at the,"['camera', 'photographic_camera', 'television_camera', 'tv_camera']"
Bro what are you on about ? Imagine acting like this over,"['people', 'citizenry', 'multitude', 'masses', 'mass', 'hoi_polloi', 'the_great_unwashed']"
Bro what are you on about ? Imagine acting like this over people voicing valid,"['criticism', 'unfavorable_judgment', 'critique', 'literary_criticism']"
Bro what are you on about ? Imagine acting like this over people voicing valid criticism for a lazy,"['map', 'function', 'mathematical_function', 'single-valued_function', 'mapping']"
Bro what are you on about ? Imagine acting like this over people voicing valid criticism for a lazy map with no,"['presentation', 'introduction', 'intro']"
Bro what are you on about ? Imagine acting like this over people voicing valid criticism for a lazy map with no intro or outro cutscene... getting,"['pod', 'cod', 'seedcase', 'codfish']"
Bro what are you on about ? Imagine acting like this over people voicing valid criticism for a lazy map with no intro or outro cutscene... getting cods p out of your,"['throat', 'pharynx']"
Bro what are you on about ? Imagine acting like this over people voicing valid criticism for a lazy map with no intro or outro cutscene... getting cods p out of your throat and do some critical,"['thinking', 'thought', 'thought_process', 'cerebration', 'intellection', 'mentation']"
It just two,"['shudder', 'iciness', 'pall', 'quiver', 'thrill', 'chill']"
It just two chill,"['clotheshorse', 'swell', 'fellow']"
Or me in California. No,"['affair', 'issue', 'subject']"
Or me in California. No matter what you got to keep working to get in a better,"['state_of_affairs', 'position', 'office', 'situation', 'billet', 'post', 'berth', 'spot', 'site']"
Or me in California. No matter what you got to keep working to get in a better situation.. Im going to get another,"['line_of_work', 'job', 'chore', 'Job', 'problem', 'occupation', 'line', 'caper']"
Or me in California. No matter what you got to keep working to get in a better situation.. Im going to get another job save up and get off the,['street']
How can we sell Space Marines,"['histrion', 'instrumentalist', 'participant', 'player', 'thespian', 'role_player', 'musician']"
How can we sell Space Marines players yet another,"['stage_set', 'curing', 'band', 'readiness']"
“You’re going to make a great black,"['guy_rope', 'hombre', 'guy_cable', 'guy_wire', 'guy']"
Andrew,"['Tate', 'Allen_Tate', 'John_Orley_Allen_Tate']"
Andrew tate on the,"['pod', 'cod', 'seedcase', 'seedpod', 'fuel_pod']"
Ngl this,"['map', 'function', 'mathematical_function', 'single-valued_function', 'mapping']"
Ngl this map has been dreadful for me. Me and my,"['chum', 'buddy', 'crony', 'sidekick', 'brother']"
Ngl this map has been dreadful for me. Me and my buddy went back to bo4 just to complete all Easter,"['testis', 'ballock', 'orchis']"
Ngl this map has been dreadful for me. Me and my buddy went back to bo4 just to complete all Easter eggs there.,['thanks']
Ngl this map has been dreadful for me. Me and my buddy went back to bo4 just to complete all Easter eggs there. Thanks Milo for the bo4 no,"['nonsense', 'frill', 'hokum', 'trumpery', 'nonsensicality']"
Ngl this map has been dreadful for me. Me and my buddy went back to bo4 just to complete all Easter eggs there. Thanks Milo for the bo4 no nonsense,"['usher', 'scout', 'guide', 'template', 'templet']"
Katt Williams is one of,"['kind', 'sort', 'form', 'variety']"
Katt Williams is one of kind. I love that,"['guy_rope', 'guy_cable', 'Guy', 'cat', 'guy']"
Rachael! Im so sorry about what you went through with Matt. Hope you will be okay! The grieving,"['procedure', 'appendage', 'unconscious_process', 'cognitive_operation', 'process']"
Oh my,"['God', 'Supreme_Being', 'deity', 'divinity', 'god', 'immortal', 'idol', 'graven_image']"
@MaticTheProto honestly their first sensible,"['business_enterprise', 'byplay', 'patronage', 'concern', 'line_of_work']"
@MaticTheProto honestly their first sensible business,"['decision', 'determination', 'conclusion', 'decisiveness']"
@MaticTheProto honestly their first sensible business decision in like 30 to 40,"['old_age', 'year']"
@MaticTheProto honestly their first sensible business decision in like 30 to 40 years. Valve one of the most succesful,"['party', 'troupe', 'fellowship']"
@MaticTheProto honestly their first sensible business decision in like 30 to 40 years. Valve one of the most succesful companies in the,"['television', 'TV', 'telecasting', 'picture', 'video']"
@MaticTheProto honestly their first sensible business decision in like 30 to 40 years. Valve one of the most succesful companies in the video,"['game', 'secret_plan']"
@MaticTheProto honestly their first sensible business decision in like 30 to 40 years. Valve one of the most succesful companies in the video game,"['distance', 'outer_space', 'blank_space']"
@MaticTheProto honestly their first sensible business decision in like 30 to 40 years. Valve one of the most succesful companies in the video game space hired so many,"['buff', 'sports_fan', 'rooter', 'fan', 'devotee']"
@MaticTheProto honestly their first sensible business decision in like 30 to 40 years. Valve one of the most succesful companies in the video game space hired so many,"['lover', 'rooter', 'fan', 'devotee']"
@MaticTheProto honestly their first sensible business decision in like 30 to 40 years. Valve one of the most succesful companies in the video game space hired so many fans who did fan,"['workplace', 'body_of_work', 'oeuvre', 'study', 'employment', 'work']"
@MaticTheProto honestly their first sensible business decision in like 30 to 40 years. Valve one of the most succesful companies in the video game space hired so many fans who did fan work like,"['mods', 'mod']"
@MaticTheProto honestly their first sensible business decision in like 30 to 40 years. Valve one of the most succesful companies in the video game space hired so many fans who did fan work like mods and,"['living', 'invigoration', 'vitality']"
@MaticTheProto honestly their first sensible business decision in like 30 to 40 years. Valve one of the most succesful companies in the video game space hired so many fans who did fan work like mods and animations. If you see talent and,"['person', 'someone', 'mortal', 'somebody', 'soul']"
@MaticTheProto honestly their first sensible business decision in like 30 to 40 years. Valve one of the most succesful companies in the video game space hired so many fans who did fan work like mods and animations. If you see talent and someone with a,"['rage', 'passion', 'passionateness', 'heat', 'cacoethes', 'Passion_of_Christ']"
@MaticTheProto honestly their first sensible business decision in like 30 to 40 years. Valve one of the most succesful companies in the video game space hired so many fans who did fan work like mods and animations. If you see talent and someone with a passion for making awesome,"['clobber', 'material', 'hooey', 'stuff', 'poppycock']"
@MaticTheProto honestly their first sensible business decision in like 30 to 40 years. Valve one of the most succesful companies in the video game space hired so many fans who did fan work like mods and animations. If you see talent and someone with a passion for making awesome stuff using your,"['informatics', 'IP', 'information_processing']"
@MaticTheProto honestly their first sensible business decision in like 30 to 40 years. Valve one of the most succesful companies in the video game space hired so many fans who did fan work like mods and animations. If you see talent and someone with a passion for making awesome stuff using your IP... why the,"['Inferno', 'nether_region', 'hell_on_earth']"
you can burn down a whole,"['town', 'townspeople', 'townsfolk', 'township', 'Town', 'Ithiel_Town']"
you can burn down a whole town but you cant have a,['Newport']
you can burn down a whole town but you cant have a newport...,"[""tinker's_damn"", 'damn', ""tinker's_dam"", 'hoot', 'darn']"
I believe that was pet,"['cemetery', 'burial_ground', 'graveyard', 'burying_ground', 'memorial_park']"
I believe that was pet cemetery the,"['book_of_account', 'Good_Book', 'playscript', 'leger']"
This is awesome. Some very real,"['stuff_and_nonsense', 'stuff', 'clobber', 'material']"
This is awesome. Some very real stuff was said but also a,"['pot', 'stack', 'lot', 'circle', 'hatful']"
This is awesome. Some very real stuff was said but also a lot of,"['fun', 'merriment', 'playfulness', 'play', 'sport']"
This is awesome. Some very real stuff was said but also a lot of fun was had. My,"['grimace', 'nerve', 'cheek']"
This is awesome. Some very real stuff was said but also a lot of fun was had. My face is hurting from the big,"['smile', 'smiling', 'grin', 'grinning']"
This is awesome. Some very real stuff was said but also a lot of fun was had. My face is hurting from the big smile i had listening to this while,"['cooking', 'cookery', 'preparation']"
When he broke up with her originally for the “controversial”,"['photograph', 'photo', 'exposure', 'picture', 'pic']"
When he broke up with her originally for the “controversial” photos was insane. I knew right then and there he was a,['douche_bag']
When he broke up with her originally for the “controversial” photos was insane. I knew right then and there he was a douche and I was right. He seems like a,"['narcissist', 'narcist']"
When he broke up with her originally for the “controversial” photos was insane. I knew right then and there he was a douche and I was right. He seems like a narcissist and the,"['understanding', 'cause', 'reasonableness', 'intellect', 'ground']"
When he broke up with her originally for the “controversial” photos was insane. I knew right then and there he was a douche and I was right. He seems like a narcissist and the reason she got so worked up about the,"['restaurant', 'eating_house', 'eating_place', 'eatery']"
I just went through the,"['portal', 'portal_site', 'portal_vein', 'hepatic_portal_vein', 'vena_portae']"
I just went through the portal after shooting the,"['symbol', 'symbolization', 'symbolisation', 'symbolic_representation']"
I just went through the portal after shooting the symbols with the,"['ice', 'frosting', 'deoxyephedrine', 'glass', 'shabu']"
I just went through the portal after shooting the symbols with the ice,"['staff', 'faculty', 'stave']"
I just went through the portal after shooting the symbols with the ice staff and it dropped me to my,"['death', 'decease', 'expiry', 'dying', 'demise', 'last', 'Death', 'end', 'destruction']"
I just went through the portal after shooting the symbols with the ice staff and it dropped me to my death I didn’t,"['move', 'relocation', 'motion', 'movement', 'motility']"
I just went through the portal after shooting the symbols with the ice staff and it dropped me to my death I didn’t move or anything but I lost my,"['gumwood', 'glue', 'gingiva']"
I just went through the portal after shooting the symbols with the ice staff and it dropped me to my death I didn’t move or anything but I lost my gums and a good,"['streak', 'rill', 'test', 'run', 'trial']"
Hello.. She’s 28 she’s gorgeous she’s professing her,"['lovemaking', 'dearest', 'making_love', 'love_life', 'erotic_love', 'passion', 'beloved']"
Hello.. She’s 28 she’s gorgeous she’s professing her love she wants,"['minor', 'nestling', 'Kyd', 'youngster']"
Hello.. She’s 28 she’s gorgeous she’s professing her love she wants kids! She’ll make an awesome,"['mama', 'ma', 'mom']"
This one of my favorite Theo,"['interview', 'consultation', 'audience']"
That,"['thing', 'matter', 'affair']"
That thing sounded cool too! I wasnt sure what to expect when he said,['hurricane']
He really showed what a scumbag,['moron']
He really showed what a scumbag moron,"['racist', 'racialist']"
"He really showed what a scumbag moron racist he is with that ""hites a","['minority', 'nonage']"
"He really showed what a scumbag moron racist he is with that ""hites a minority in Heave"" dead","['jape', 'trick', 'gag', 'antic', 'joke', 'jest', 'put-on', 'laugh', 'prank', 'jocularity']"
"He really showed what a scumbag moron racist he is with that ""hites a minority in Heave"" dead joke. That went down like a lead",['balloon']
"He really showed what a scumbag moron racist he is with that ""hites a minority in Heave"" dead joke. That went down like a lead balloon. Guys a","['looney', 'weirdie', 'loony', 'weirdo', 'nutcase', 'spook']"
​ @joebowl8315 He makes great,"['video', 'video_recording', 'picture', 'TV', 'telecasting']"
​ @joebowl8315 He makes great videos. Youre jealous. Go get your own 3 million,"['reader', 'indorser', 'ratifier']"
How ironic that he was like well how are you gonna deal with the harder,"['things', 'thing', 'matter', 'affair']"
How ironic that he was like well how are you gonna deal with the harder things in,"['aliveness', 'animation', 'life_history', 'lifetime', 'biography', 'spirit', 'life-time', 'lifespan']"
How ironic that he was like well how are you gonna deal with the harder things in life and then,"['atomic_number_2', 'He', 'helium']"
How ironic that he was like well how are you gonna deal with the harder things in life and then hes going through a hard,"['moment', 'minute', 'second', 'instant', 'mo', 'bit', 'here_and_now', 'present_moment', 'consequence', 'import']"
How ironic that he was like well how are you gonna deal with the harder things in life and then hes going through a hard moment and,"['Charles_William_Post', 'station', 'Wiley_Post', 'spot', 'berth', 'postal_service']"
How ironic that he was like well how are you gonna deal with the harder,"['thing', 'matter', 'affair']"
How ironic that he was like well how are you gonna deal with the harder things in life and then hes going through a hard moment and posts that. What a shitty hypocritical thing to do. Not to mention a best,"['booster', 'supporter', 'champion', 'admirer', 'protagonist', 'ally', 'Friend', 'friend']"
How ironic that he was like well how are you gonna deal with the harder things in life and then hes going through a hard moment and posts that. What a shitty hypocritical thing to do. Not to mention a best friend doesnt,"['dainty', 'delicacy', 'goody', 'kickshaw', 'treat']"
How ironic that he was like well how are you gonna deal with the harder things in life and then hes going through a hard moment and posts that. What a shitty hypocritical thing to do. Not to mention a best friend doesnt treat,"['someone', 'individual', 'person']"
How ironic that he was like well how are you gonna deal with the harder things in life and then hes going through a hard moment and posts that. What a shitty hypocritical thing to do. Not to mention a best friend doesnt treat someone like that let alone a,"['spouse', 'partner', 'married_person', 'mate', 'better_half', 'collaborator', 'cooperator', 'pardner']"
How ironic that he was like well how are you gonna deal with the harder things in life and then,"['He', 'helium', 'atomic_number_2']"
How ironic that he was like well how are you gonna deal with the harder things in life and then hes going through a hard moment and posts that. What a shitty hypocritical thing to do. Not to mention a best friend doesnt treat someone like that let alone a partner hes supposed to respect. Gas,['lightning']
How ironic that he was like well how are you gonna deal with the harder things in life and then hes going through a hard moment and posts that. What a shitty hypocritical thing to do. Not to mention a best friend doesnt treat someone like that let alone a partner hes supposed to respect. Gas lightning and,"['manipulation', 'use', 'handling']"
​ @bennie.379,['thanks']
​ @bennie.379 thanks my,"['admirer', 'supporter', 'ally', 'champion', 'acquaintance', 'friend', 'Quaker', 'protagonist', 'booster']"
Not expecting this,"['pod', 'cod', 'seedcase', 'seedpod', 'fuel_pod']"
Not expecting this pod,['today']
The,['scythe']
The scythe,"['Marine', 'devil_dog', 'leatherneck', 'shipboard_soldier', 'marine']"
I watched a black,"['guy_wire', 'guy_cable', 'guy', 'Guy', 'hombre']"
I watched a black guy,"['interview', 'consultation', 'audience']"
This is such a perfect,"['salmagundi', 'mix', 'smorgasbord', 'admixture', 'commixture', 'mixed_bag', 'mixture']"
2,"['comedian', 'comic']"
2 comedians cracking,"['trick', 'caper', 'jocularity', 'joke', 'antic', 'prank', 'gag', 'laugh', 'jape']"
2 comedians cracking jokes is the best. this is whats missing from joe rogan.,"['He', 'atomic_number_2', 'he']"
2 comedians cracking,"['prank', 'jest', 'laugh', 'jape', 'gag', 'jocularity', 'put-on', 'caper', 'antic']"
48,"['min', 'second']"
49:18 wild right! Just here to say this definitely helped my,"['twenty-four_hour_period', 'twenty-four_hours', 'Clarence_Day', 'daylight', 'Day', 'daytime']"
​ @UnknownSquid I wholeheartedly agree - Ive kinda hated the,"['management', 'commission', 'guidance', 'focal_point', 'centering']"
​ @UnknownSquid I wholeheartedly agree - Ive kinda hated the direction 40Ks been travelling in for a long,"['sentence', 'prison_term', 'meter']"
​ @UnknownSquid I wholeheartedly agree - Ive kinda hated the direction 40Ks been travelling in for a long time now. Flanderisation perfectly encapsulates it. People,"['cry', 'outcry', 'call', 'yell', 'shout', 'vociferation']"
​ @UnknownSquid I wholeheartedly agree - Ive kinda hated the direction 40Ks been travelling in for a long time now. Flanderisation perfectly encapsulates it. People shout,"['sarcasm', 'irony', 'satire', 'caustic_remark']"
​ @UnknownSquid I wholeheartedly agree - Ive kinda hated the direction 40Ks been travelling in for a long time now. Flanderisation perfectly encapsulates it. People shout,"['sarcasm', 'irony', 'satire', 'caustic_remark']"
​ @UnknownSquid I wholeheartedly agree - Ive kinda hated the direction 40Ks been travelling in for a long time now. Flanderisation perfectly encapsulates it. People shout satire without realising that satire and slapstick arent the same,"['thing', 'matter', 'affair']"
​ @UnknownSquid I wholeheartedly agree - Ive kinda hated the direction 40Ks been travelling in for a long time now. Flanderisation perfectly encapsulates it. People shout satire without realising that satire and slapstick arent the same thing one does not necessitate the other. That said IDK about you but GW posting this after I thought it certain that this,"['undertaking', 'project', 'task', 'labor', 'projection']"
​ @UnknownSquid I wholeheartedly agree - Ive kinda hated the direction 40Ks been travelling in for a long time now. Flanderisation perfectly encapsulates it. People shout satire without realising that satire and slapstick arent the same thing one does not necessitate the other. That said IDK about you but GW posting this after I thought it certain that this project was buried has actually rekindled some,"['hope', 'promise', 'Hope', 'Bob_Hope', 'Leslie_Townes_Hope']"
​ @UnknownSquid I wholeheartedly agree - Ive kinda hated the direction 40Ks been travelling in for a long time now. Flanderisation perfectly encapsulates it. People shout satire without realising that satire and slapstick arent the same thing one does not necessitate the other. That said IDK about you but GW posting this after I thought it certain that this project was buried has actually rekindled some hope in me. I can only wish they dont squander it like they have so many,"['metre', 'fourth_dimension', 'multiplication']"
In the,"['room', 'way', 'elbow_room']"
In the room with the double,"['accelerator_pedal', 'gasoline', 'petrol', 'accelerator', 'flatulency']"
In the room with the double gas,"['tryout', 'trial_run', 'tribulation', 'visitation', 'test', 'trial']"
In the room with the double gas trial you can get a free,"['fringe_benefit', 'perquisite', 'perk']"
In the room with the double gas trial you can get a free perk and a,"['lot', 'crew', 'clump', 'gang', 'caboodle', 'clustering']"
In the room with the double gas trial you can get a free perk and a bunch of Molotov by shooting the lantern/goblet,"['thing', 'matter', 'affair']"
In the room with the double gas trial you can get a free perk and a bunch of Molotov by shooting the lantern/goblet thing be side each,"['door', 'doorway', 'room_access', 'threshold']"
In the room with the double gas trial you can get a free perk and a bunch of Molotov by shooting the lantern/goblet thing be side each door with,"['fervor', 'ardour', 'ardor', 'flaming', 'fervour', 'flak']"
@Rybo-Senpai you should buy it beforehand because it will be gone when,"['Astarte', 'Ashtoreth']"
Not them glorifying the pla es that dropped bombs on Vietnam... concerning these,"['matter', 'issue', 'subject']"
Not them glorifying the pla es that dropped bombs on Vietnam... concerning these topics,"['American', 'American_English', 'American_language']"
Not them glorifying the pla es that dropped bombs on Vietnam... concerning these topics americans really make me sick to my,"['stomach', 'venter', 'tummy']"
What a,"['impression', 'touch', 'tactile_sensation', 'smell', 'look']"
What a feeling Theo must have felt to go into this,"['interview', 'consultation', 'audience']"
What a feeling Theo must have felt to go into this interview nervous only to have Katt,"['surprise', 'surprisal']"
What a feeling Theo must have felt to go into this interview nervous only to have Katt surprise you,"['consequence', 'mo', 'instant', 'moment', 'import']"
What a feeling Theo must have felt to go into this interview nervous only to have Katt surprise you,"['consequence', 'mo', 'present_moment', 'moment', 'instant']"
What a feeling Theo must have felt to go into this interview nervous only to have Katt surprise you moment after moment with,['fact']
What a feeling Theo must have felt to go into this interview nervous only to have Katt surprise you moment after moment with facts from your,"['hours', '60_minutes']"
What a feeling Theo must have felt to go into this interview nervous only to have Katt surprise you moment after moment with facts from your hours of,"['episode', 'installment', 'instalment', 'sequence']"
What a feeling Theo must have felt to go into this interview nervous only to have Katt surprise you moment after moment with facts from your hours of episodes. Katt absolutely respects you and is up to,"['escort', 'particular_date', 'day_of_the_month']"
What a feeling Theo must have felt to go into this interview nervous only to have Katt surprise you moment after moment with facts from your hours of episodes. Katt absolutely respects you and is up to date on your,"['subject_matter', 'subject', 'message', 'mental_object']"
Uh. Thought the,"['Guy', 'guy_rope', 'guy_cable', 'hombre', 'bozo', 'guy_wire', 'cat']"
Uh. Thought the guy had his,"['pes', 'groundwork', 'metrical_unit']"
Uh. Thought the guy had his feet in,['concrete']
Uh. Thought the guy had his feet in concrete at the,"['backside', 'tush', 'merchantman', 'seat', 'rump']"
Uh. Thought the guy had his feet in concrete at the bottom of a,['lake']
Careful with,"['marvel', 'wonder', 'admiration']"
grow up! Women,"['accompaniment', 'bread_and_butter', 'documentation', 'keep', 'financial_support', 'financial_backing']"
grow up! Women support,"['woman', 'adult_female', 'charwoman', 'char', 'cleaning_woman', 'cleaning_lady', 'womanhood', 'fair_sex']"
Y’all done put two of America’s most wanted in the same m f’ing,"['berth', 'billet', 'space', 'spot', 'shoes']"
Y’all done put two of America’s most wanted in the same m f’ing place at the same m f’ing,"['time', 'clip', 'clock_time', 'fourth_dimension', 'meter', 'metre', 'prison_term', 'sentence']"
Oh Shit … I’m here …,"['Lashkar-e-Tayyiba', 'let', 'LET', 'Army_of_the_Pure', 'Army_of_the_Righteous', 'net_ball', 'Lashkar-e-Taiba']"
Oh Shit … I’m here … let’s go Theo … come back to Maui please best,"['comedy', 'drollery', 'clowning', 'funniness']"
Oh Shit … I’m here … let’s go Theo … come back to Maui please best comedy,"['show', 'display', 'appearance']"
Oh Shit … I’m here … let’s go Theo … come back to Maui please best comedy show we had here in a,"['minute_of_arc', 'arcminute', 'minute', 'second', 'mo']"
They gotta,"['footstep', 'dance_step', 'footfall', ""stone's_throw"", 'gradation']"
They gotta step up their,"['game', 'plot', 'secret_plan', 'biz']"
They gotta step up their game with these,"['Easter', 'east_wind', 'easter', 'easterly']"
They gotta step up their game with these easter,"['egg', 'bollock', 'eggs', 'nut', 'ball']"
They gotta step up their game with these easter eggs so boring now. Build wonder,"['weapon', 'arm', 'weapon_system', 'artillery']"
They gotta step up their game with these easter eggs so boring now. Build wonder weapon go do the same,"['thing', 'matter', 'affair']"
They gotta step up their game with these easter eggs so boring now. Build wonder weapon go do the same thing 4,"['metre', 'multiplication', 'meter', 'prison_term']"
They gotta step up their game with these easter eggs so boring now. Build wonder weapon go do the same thing 4 times with different,"['enemy', 'foe', 'foeman', 'opposition']"
They gotta step up their game with these easter eggs so boring now. Build wonder weapon go do the same thing 4 times with different enemies then boss,"['battle', 'conflict', 'fight', 'engagement', 'fighting', 'combat', 'scrap', 'competitiveness']"
They gotta step up their game with these easter eggs so boring now. Build wonder weapon go do the same thing 4 times with different enemies then boss fight. Terminus was better,"['International_Maritime_Organization', 'IMO']"
They gotta step up their game with these easter eggs so boring now. Build wonder weapon go do the same thing 4 times with different enemies then boss fight. Terminus was better imo for,"['electrical_engineering', 'EE']"
omg omg omg omg omg - i have,"['shivering', 'pall', 'gelidity', 'thrill', 'frisson']"
Never clicked a,"['video_recording', 'television', 'telecasting', 'picture', 'video']"
Katt learned the most important skill/rule of amateur,"['golf', 'golf_game']"
"Katt learned the most important skill/rule of amateur golf ""he <mask"". Works great with Irons and chippers and if you can do it good you can play real actual golf back spin and all that shit. I can do it well however I still try to do the picture perfect follow through and it gets me fucked up half the time. But for sure with chipping/Irons its that hip high forward and back pinch that does real good. I go shoulder high with the Driver but its a similar motion slow back then accelerate and concentrate on the pinch. The follow through happens automatically if your doing it right","['speck', 'taking_into_custody', 'emergency', 'nip', 'exigency']"
Katt learned the most important skill/rule of amateur,"['golf', 'golf_game']"
"Katt learned the most important skill/rule of amateur golf ""he pinc"". Works great with Irons and chippers and if you can do it good you can play real actual golf back","['spin', 'twirl', 'twist', 'twisting', 'whirl', 'tailspin']"
"Katt learned the most important skill/rule of amateur golf ""he pinc"". Works great with Irons and chippers and if you can do it good you can play real actual golf back spin and all that","['red_cent', 'Irish_bull', 'shit', ""tinker's_dam"", 'prick', 'jack', 'turd', 'doodly-squat']"
"Katt learned the most important skill/rule of amateur golf ""he pinc"". Works great with Irons and chippers and if you can do it good you can play real actual golf back spin and all that shit. I can do it well however I still try to do the","['word_picture', 'photograph', 'icon']"
"Katt learned the most important skill/rule of amateur golf ""he pinc"". Works great with Irons and chippers and if you can do it good you can play real actual golf back spin and all that shit. I can do it well however I still try to do the picture perfect follow through and it gets me fucked up half the","['time', 'clip', 'clock_time', 'fourth_dimension', 'meter', 'metre', 'prison_term', 'sentence']"
"Katt learned the most important skill/rule of amateur golf ""he pinc"". Works great with Irons and c<mask>pers and if you can do it good you can play real actual golf back spin and all that shit. I can do it well however I still try to do the picture perfect follow through and it gets me fucked up half the time. But for sure with chipping/Irons its that hip high forward and back pinch that does real good. I go shoulder high with the Driver but its a similar motion slow back then accelerate and concentrate on the pinch. The follow through happens automatically if your doing it right","['pelvic_girdle', 'hip_joint']"
"Katt learned the most important skill/rule of amateur golf ""he <mask"". Works great with Irons and chippers and if you can do it good you can play real actual golf back spin and all that shit. I can do it well however I still try to do the picture perfect follow through and it gets me fucked up half the time. But for sure with chipping/Irons its that hip high forward and back pinch that does real good. I go shoulder high with the Driver but its a similar motion slow back then accelerate and concentrate on the pinch. The follow through happens automatically if your doing it right","['tinge', 'exigency', 'mite', 'speck', 'taking_into_custody']"
"Katt learned the most important skill/rule of amateur golf ""he pinc"". Works great with Irons and chippers and if you can do it good you can play real actual golf back spin and all that shit. I can do it well however I still try to do the picture perfect follow through and it gets me fucked up half the time. But for sure with chipping/Irons its that hip high forward and back pinch that does real good. I go shoulder high with the Driver but its a similar","['question', 'motion', 'motility', 'apparent_motion', 'gesture']"
"Katt learned the most important skill/rule of amateur golf ""he pinc"". Works great with Irons and chippers and if you can do it good you can play real actual golf back spin and all that shit. I can do it well however I still try to do the picture perfect follow through and it gets me fucked up half the time. But for sure with chipping/Irons its that hip high forward and back pinch that does real good. I go shoulder high with the Driver but its a similar motion slow back then accelerate and","['dressed_ore', 'concentrate']"
"Katt learned the most important skill/rule of amateur golf ""he <mask"". Works great with Irons and chippers and if you can do it good you can play real actual golf back spin and all that shit. I can do it well however I still try to do the picture perfect follow through and it gets me fucked up half the time. But for sure with chipping/Irons its that hip high forward and back pinch that does real good. I go shoulder high with the Driver but its a similar motion slow back then accelerate and concentrate on the pinch. The follow through happens automatically if your doing it right","['pinch', 'nip', 'catch', 'tinge', 'hint']"
I fucking love the,['fact']
The little,['tau']
This is an epic,"['episode', 'installment', 'instalment', 'sequence']"
Are we even watching the same podcast…? How was that your main,"['takeout', 'takeout_food', 'takeaway']"
This is exactly what I needed. Ive been fasting trying to get right with God and to watch these 2,"['legend', 'fable', 'caption']"
This is exactly what I needed. Ive been fasting trying to get right with God and to watch these 2 legends,"['chop', 'chop_shot', 'chopper']"
Lmao that flip the pillow,"['demarcation', 'channel', 'contrast']"
Yea love the firstborn,['helmet']
Yea love the firstborn helmet honestly more than the prinaris one the primaris one makes them look more like,"['knight', 'horse']"
Yea love the firstborn helmet honestly more than the prinaris one the primaris one makes them look more like knights which some,['chapter']
Yea love the,"['firstborn', 'eldest']"
Yea love the firstborn helmet honestly more than the prinaris one the primaris one makes them look more like knights which some chapters are but the firstborn is definitely,"['way_of_life', 'agency', 'way', 'direction', 'room', 'means']"
He really did waste her prime,"['days', 'class', 'yr', 'old_age', 'age']"
He really did waste her prime years which is sad. He is one of those,"['Guy', 'hombre', 'cat', 'bozo', 'guy_rope']"
He really did waste her prime years which is sad. He is one of those guys that is going to be in serious,"['relationship', 'human_relationship', 'kinship', 'family_relationship']"
He really did waste her prime years which is sad. He is one of those guys that is going to be in serious relationships and never get married,"['spotter', 'sentry', 'watch', 'lookout_man', 'ticker', 'picket']"
Katt Williams if you see this I’m a pro on PGA PS5 in,"['cause', 'vitrine', 'guinea_pig', 'face', 'subject']"
Nah im done with old,"['cod', 'seedcase', 'pod']"
Nah im done with old cod. Its,"['drilling', 'boring', 'oil_production']"
I love the,"['mode', 'way_of_life', 'style', 'fashion', 'elbow_room', 'way']"
I love the way Katt weaponised his,"['verity', 'Sojourner_Truth', 'truth', 'the_true', 'Truth', 'true_statement']"
I love the way Katt weaponised his truth I will never forget that one of the few,"['representative', 'part', 'spokesperson', 'interpreter', 'vocalism']"
I love the way Katt weaponised his truth I will never forget that one of the few voices in his,"['industry', 'manufacture', 'diligence', 'industriousness']"
I love the way Katt weaponised his truth I will never forget that one of the few voices in his industry that is 110% armed to the,"['dentition', 'teeth', 'tooth']"
I love the way Katt weaponised his,"['the_true', 'trueness', 'accuracy', 'truth', 'true_statement', 'verity', 'Truth']"
I love the way Katt weaponised his truth I will never forget that one of the few voices in his industry that is 110% armed to the teeth with the truth he must be cherished. Great Job by Theo on this,"['pearl', 'bone', 'ivory', 'off-white', 'drop', 'bead']"
I have,"['cartridge_clip', 'cartridge_holder', 'magazine', 'clipping', 'snip']"
I have clips of,"['cogent_evidence', 'test_copy', 'substantiation', 'trial_impression', 'validation']"
This is the first,"['clock_time', 'metre', 'meter']"
Off,"['tip', 'point', 'power_point', 'full_point']"
Off point. Go back to the old,"['studio', 'studio_apartment']"
Damn i didnt even know the,"['map', 'function', 'mathematical_function', 'single-valued_function', 'mapping']"
Damn i didnt even know the map released and you already cooked up the,"['electrical_engineering', 'EE']"
Damn i didnt even know the map released and you already cooked up the ee,"['usher', 'guide', 'guidebook', 'template', 'templet', 'scout', 'pathfinder']"
How are they homeless,['millionaire']
How are they homeless millionaires if they have 3-4 other,"['place', 'base', 'house', 'home_base']"
How are they homeless,['millionaire']
How are they homeless millionaires if they have 3-4 other homes? We dont care about millionaires that will write it off and cut a,"['hinderance', 'check_mark', 'handicap', 'verification', 'stay']"
How are they homeless millionaires if they have 3-4 other homes? We dont care about millionaires that will write it off and cut a check for another,"['theater', 'firm', 'star_sign', 'mansion']"
How are they homeless millionaires if they have 3-4 other homes? We dont care about millionaires that will write it off and cut a check for another house like,"['null', 'goose_egg', 'nix', 'nil']"
I hope they bring up the Katt Williams,"['nutcracker', 'nuthatch']"
I hope they bring up the Katt Williams nutcracker! Edit: 2,"['minute', 'proceedings', 'min']"
Yes you got me its was,"['cinema', 'movie_house', 'movie_theater']"
Im just 2:13 to 2:45 of this,"['television', 'picture', 'TV', 'video', 'video_recording']"
Im just 2:13 to 2:45 of this video and almost died laughing about the,"['nutcracker', 'nuthatch']"
their fallen,"['angel', 'holy_man', 'backer']"
their fallen angels not,"['outlander', 'stranger', 'noncitizen', 'extraterrestrial']"
their fallen angels not aliens.. their called,"['batrachian', 'toad_frog', 'frog']"
their fallen angels not aliens.. their called frog like,"['liquor', 'John_Barleycorn', 'hard_liquor']"
their fallen angels not aliens.. their called frog like spirits in the,"['Bible', 'Christian_Bible', 'Holy_Writ', 'Word_of_God', 'Scripture']"
their fallen angels not aliens.. their called frog like spirits in the bible in the last,"['record_book', 'script', 'record', 'Bible']"
gotta let him fly with the black,"['prank', 'caper', 'joke', 'trick', 'laugh', 'jest']"
"<mask> who do not know of 40k will see this and think ""ell yeah","['buster', 'dandy', 'gallant', 'fashion_plate', 'dude', 'swell']"
"Dudes who do not know of 40k will see this and think ""mask> yeah","['infernal_region', 'nether_region', 'hell_on_earth', 'Hell', 'blaze', 'the_pits', 'netherworld', 'inferno', 'hellhole', 'pit']"
My coworker is about to be his tour,"['heap', 'bus', 'bus_topology', 'jitney', 'double-decker', 'busbar']"
My coworker is about to be his tour bus,"['driver', 'device_driver', 'number_one_wood']"
My coworker is about to be his tour bus driver fucking,"['crazy', 'loony', 'looney', 'nutcase', 'weirdo']"
If the,"['Astarte', 'Ashtoreth']"
"If the Astartes 1 was so good then why isnt there the Astartes 2?""Starts spitting","['cereal_grass', 'cereal', 'grain']"
40k,"['devotee', 'lover', 'fan', 'sports_fan', 'buff']"
40k fans are always biting the,"['plateful', 'home_base', 'scale']"
Great! Now put it on a,"['platform', 'political_platform', 'political_program', 'program', 'weapons_platform', 'chopine']"
This was painful to watch. What happened to the old Katt Williams from the,"['history', 'account', 'chronicle', 'story']"
This was painful to watch. What happened to the old Katt Williams from the chronicles. Theo was tryna be funny but Katt kept trying to show how much of an,"['adult', 'grownup']"
This was painful to watch. What happened to the old Katt Williams from the chronicles. Theo was tryna be funny but Katt kept trying to show how much of an adult he is. Dude it’s a,"['comedy', 'drollery', 'clowning', 'funniness']"
Someday my,"['remark', 'comment', 'input', 'commentary', 'gossip', 'scuttlebutt']"
Someday my comment will be 222,"['long_time', 'year', 'old_age']"
Someday my comment will be 222 years old. If,"['person', 'individual', 'someone', 'somebody', 'mortal', 'soul']"
Someday my comment will be 222,"['year', 'old_age', 'twelvemonth']"
Someday my comment will be 222 years old. If someone actually reads this in 222 years then please know that,"['right', 'right_field', 'rightfield', 'right_wing', 'right_hand', 'rightfulness']"
@propgear123,"['cheer', 'cheerfulness', 'sunniness', 'sunshine']"
@propgear123 cheers. Its a,"['commiseration', 'pity', 'ruth', 'pathos', 'shame', 'compassion']"
@propgear123 cheers. Its a pity you dont need it. Would be a good,"['thing', 'matter', 'affair']"
@propgear123 cheers. Its a pity you dont need it. Would be a good thing to bring the story/<mask> together. Like you can still play the map. You just cant do the EE. Or if you only did it in directed mode then thats the only one you can do.,"['map', 'function', 'mathematical_function', 'single-valued_function', 'mapping']"
@propgear123 cheers. Its a pity you dont need it. Would be a good thing to bring the story/map together. Like you can still play the map. You just cant do the EE. Or if you only did it in directed,"['mode', 'fashion', 'musical_mode', 'modality', 'style']"
Am I the only,"['one', '1', 'I', 'ace', 'single', 'unity']"
Am I the only one who can’t see the,"['symbol', 'symbolization', 'symbolisation', 'symbolic_representation']"
Am I the only one who can’t see the symbols on the,"['rock_and_roll', 'rock', 'rock_music', 'rock_candy', 'rock-and-roll', 'Rock', 'John_Rock']"
Am I the only one who can’t see the symbols on the rocks like I can see them but they’<mask> so small I don’t know which they are,"['atomic_number_75', 're', 'Ra', 'rhenium']"
OMFG that Blood Angel in the,['corridor']
Katt Williams is the new,"['old_age', 'eld', 'geezerhood', 'years', 'historic_period', 'long_time']"
Katt Williams is the new age Nostradamus either that or he has a,"['pot', 'circumstances', 'spate', 'plenty', 'destiny']"
Katt Williams is the new age Nostradamus either that or he has a lot of,"['friend', 'booster', 'protagonist', 'admirer', 'champion', 'acquaintance', 'Friend']"
Katt Williams is the new age Nostradamus either that or he has a lot of friends in the,"['federal_official', 'FRS', 'Federal', 'Fed', 'Federal_Reserve_System']"
Katt Williams is the new age Nostradamus either that or he has a lot of friends in the feds because he called that whole,"['poop', 'darn', 'prick', 'red_cent', 'jack', 'mother_fucker', 'shite', 'shit']"
How tf did you figure this out I played last,"['night', 'nighttime', 'Night']"
Perhaps there is another,"['reason', 'ground', 'understanding', 'intellect', 'rationality', 'reasonableness', 'cause', 'grounds']"
<mask> super heroes United on this one,"['input', 'gossip', 'comment']"
Comments super,"['submarine', 'submarine_sandwich', 'Hero_of_Alexandria', 'poor_boy', 'fighter', 'zep']"
Comments super heroes United on this,"['ace', 'I', '1', 'one']"
He’s not wrong,"['motion-picture_show', 'flick', 'film']"
He’s not wrong movies the last 10years are mostly bs.,"['comedy', 'drollery', 'clowning', 'funniness']"
He’s not wrong movies the last 10years are mostly bs. Comedy is nearly everyone’s,"['favorite', 'favourite', 'darling', 'pet', 'dearie', 'deary', 'ducky', 'front-runner']"
He’s not wrong movies the last 10years are mostly bs. Comedy is nearly everyone’s favorite genre… when not half cooked. Who doesn’t like to laugh?! Movies,['today']
He’s not wrong movies the last 10years are mostly bs. Comedy is nearly everyone’s favorite genre… when not half cooked. Who doesn’t like to laugh?! Movies today just don’t give you much to love. With the,"['exception', 'exclusion', 'elision']"
He’s not wrong movies the last 10years are mostly bs. Comedy is nearly everyone’s favorite genre… when not half cooked. Who doesn’t like to laugh?! Movies today just don’t give you much to love. With the exception of a few.. but the,"['wizard', 'adept', 'whizz']"
He’s not wrong movies the last 10years are mostly bs. Comedy is nearly everyone’s favorite genre… when not half cooked. Who doesn’t like to laugh?! Movies today just don’t give you much to love. With the exception of a few.. but the stars fizzle as soon as their “real”,['personality']
He’s not wrong movies the last 10years are mostly bs. Comedy is nearly everyone’s favorite genre… when not half cooked. Who doesn’t like to laugh?! Movies today just don’t give you much to love. With the exception of a few.. but the stars fizzle as soon as their “real” personality is visible. Most,"['the_great_unwashed', 'masses', 'mass', 'citizenry', 'people']"
He’s not wrong movies the last 10years are mostly bs. Comedy is nearly everyone’s favorite genre… when not half cooked. Who doesn’t like to laugh?! Movies today just don’t give you much to love. With the exception of a few.. but the stars fizzle as soon as their “real” personality is visible. Most people who pursue,"['fame', 'celebrity', 'renown']"
He’s not wrong movies the last 10years are mostly bs. Comedy is nearly everyone’s favorite genre… when not half cooked. Who doesn’t like to laugh?! Movies today just don’t give you much to love. With the exception of a few.. but the stars fizzle as soon as their “real” personality is visible. Most people who pursue fame are obsessed with themselves… is it a necessary,"['evil', 'immorality', 'wickedness', 'iniquity', 'evilness']"
He’s not wrong movies the last 10years are mostly bs. Comedy is nearly everyone’s favorite genre… when not half cooked. Who doesn’t like to laugh?! Movies today just don’t give you much to love. With the exception of a few.. but the stars fizzle as soon as their “real” personality is visible. Most people who pursue fame are obsessed with themselves… is it a necessary evil? I don’t think so… it’s a,"['choice', 'pick', 'selection', 'option', 'alternative']"
He’s not wrong movies the last 10years are mostly bs. Comedy is nearly everyone’s favorite genre… when not half cooked. Who doesn’t like to laugh?! Movies today just don’t give you much to love. With the exception of a few.. but the stars fizzle as soon as their “real” personality is visible. Most people who pursue fame are obsessed with themselves… is it a necessary evil? I don’t think so… it’s a choice. For,"['lesson', 'representative', 'good_example']"
He’s not wrong movies the last 10years are mostly bs. Comedy is nearly everyone’s favorite genre… when not half cooked. Who doesn’t like to laugh?! Movies today just don’t give you much to love. With the exception of a few.. but the stars fizzle as soon as their “real” personality is visible. Most people who pursue fame are obsessed with themselves… is it a necessary evil? I don’t think so… it’s a choice. For example Jennifer Lopez- pays a real,"['Isaac_Bashevis_Singer', 'vocalizer', 'vocalist']"
He’s not wrong movies the last 10years are mostly bs. Comedy is nearly everyone’s favorite genre… when not half cooked. Who doesn’t like to laugh?! Movies today just don’t give you much to love. With the exception of a few.. but the stars fizzle as soon as their “real” personality is visible. Most people who pursue fame are obsessed with themselves… is it a necessary evil? I don’t think so… it’s a choice. For example Jennifer Lopez- pays a real singer to be the actual,"['endowment', 'gift', 'talent', 'natural_endowment']"
He’s not wrong movies the last 10years are mostly bs. Comedy is nearly everyone’s favorite genre… when not half cooked. Who doesn’t like to laugh?! Movies today just don’t give you much to love. With the exception of a few.. but the stars fizzle as soon as their “real” personality is visible. Most people who pursue fame are obsessed with themselves… is it a necessary evil? I don’t think so… it’s a choice. For example Jennifer Lopez- pays a real singer to be the actual talent for her “hit”,"['album', 'record_album']"
He’s not wrong movies the last 10years are mostly bs. Comedy is nearly everyone’s favorite genre… when not half cooked. Who doesn’t like to laugh?! Movies today just don’t give you much to love. With the exception of a few.. but the stars fizzle as soon as their “real” personality is visible. Most people who pursue fame are obsessed with themselves… is it a necessary evil? I don’t think so… it’s a choice. For example Jennifer Lopez- pays a real singer to be the actual talent for her “hit” album. (Milli Vanilli- without the,"['setback', 'gust', 'reverse']"
He’s not wrong movies the last 10years are mostly bs. Comedy is nearly everyone’s favorite genre… when not half cooked. Who doesn’t like to laugh?! Movies today just don’t give you much to love. With the exception of a few.. but the stars fizzle as soon as their “real” personality is visible. Most people who pursue fame are obsessed with themselves… is it a necessary evil? I don’t think so… it’s a choice. For example Jennifer Lopez- pays a real singer to be the actual talent for her “hit” album. (Milli Vanilli- without the blow back in her,"['causa', 'slip', 'caseful']"
He’s not wrong movies the last 10years are mostly bs. Comedy is nearly every<mask>’s favorite genre… when not half cooked. Who doesn’t like to laugh?! Movies today just don’t give you much to love. With the exception of a few.. but the stars fizzle as soon as their “real” personality is visible. Most people who pursue fame are obsessed with themselves… is it a necessary evil? I don’t think so… it’s a choice. For example Jennifer Lopez- pays a real singer to be the actual talent for her “hit” album. (Milli Vanilli- without the blow back in her case). No one likes to be tricked. It’s like calling you stupid without the balls or decency to say it plainly to your face.,"['one', '1', 'I', 'ace', 'single', 'unity']"
He’s not wrong movies the last 10years are mostly bs. Comedy is nearly everyone’s favorite genre… when not half cooked. Who doesn’t like to laugh?! Movies today just don’t give you much to love. With the exception of a few.. but the stars fizzle as soon as their “real” personality is visible. Most people who pursue fame are obsessed with themselves… is it a necessary evil? I don’t think so… it’s a choice. For example Jennifer Lopez- pays a real singer to be the actual talent for her “hit” album. (Milli Vanilli- without the blow back in her case). No one likes to be tricked. It’s like calling you stupid without the,"['testicle', 'egg', 'glob']"
He’s not wrong movies the last 10years are mostly bs. Comedy is nearly everyone’s favorite genre… when not half cooked. Who doesn’t like to laugh?! Movies today just don’t give you much to love. With the exception of a few.. but the stars fizzle as soon as their “real” personality is visible. Most people who pursue fame are obsessed with themselves… is it a necessary evil? I don’t think so… it’s a choice. For example Jennifer Lopez- pays a real singer to be the actual talent for her “hit” album. (Milli Vanilli- without the blow back in her case). No one likes to be tricked. It’s like calling you stupid without the balls or,['decency']
He’s not wrong movies the last 10years are mostly bs. Comedy is nearly everyone’s favorite genre… when not half cooked. Who doesn’t like to laugh?! Movies today just don’t give you much to love. With the exception of a few.. but the stars fizzle as soon as their “real” personality is visible. Most people who pursue fame are obsessed with themselves… is it a necessary evil? I don’t think so… it’s a choice. For example Jennifer Lopez- pays a real singer to be the actual talent for her “hit” album. (Milli Vanilli- without the blow back in her case). No one likes to be tricked. It’s like calling you stupid without the balls or decency to say it plainly to your,"['fount', 'side', 'typeface']"
"@ 26:42 ""here was a","['bozo', 'guy_wire', 'hombre', 'Guy', 'guy_rope', 'guy', 'guy_cable']"
"@ 26:42 ""here was a guy who had u looking in buttholes........"" Katt genuinely laughing so hard has to make Theo feel good. Katt dont","['manus', 'paw', 'hired_man', 'helping_hand', 'hand']"
"@ 26:42 ""here was a guy who had u looking in buttholes........"" Katt genuinely laughing so hard has to make Theo feel good. Katt dont hand out","['gag', 'jest', 'joke', 'laughter', 'laugh']"
He finally got his nut,"['cracker', 'snapper']"
He finally got his nut cracker live in,"['someone', 'individual', 'soul', 'mortal']"
This supposed to be his,['hoe']
This supposed to be his hoes not,"['folk', 'family_line', 'phratry', 'crime_syndicate']"
This supposed to be his hoes not family,"['penis', 'phallus', 'fellow_member']"
This supposed to be his hoes not family members hahahahhahaha I can’t,['sentry']
This supposed to be his hoes not family members hahahahhahaha I can’t watch katt Williams I was lmfao the entire,"['interview', 'consultation', 'audience']"
Her seeing his,"['Post', 'mail_service', 'Charles_William_Post', 'situation', 'Wiley_Post']"
Her seeing his post during,"['put-on', 'spoof', 'charade', 'mockery', 'lampoon', 'burlesque', 'parody']"
Her seeing his post during takeoff has me absolutely shaking. God bless this,"['womanhood', 'charwoman', 'cleaning_woman', 'woman']"
There goes my nofap,"['streak', 'run', 'stripe', 'bar']"
Dude made an EE,"['usher', 'guide', 'guidebook', 'template', 'templet', 'scout', 'pathfinder']"
<mask> it Upperdecker decks are made of wood,"['figure', 'public_figure', 'gens']"
Name it Upperdecker,"['deck', 'pack_of_cards', 'deck_of_cards']"
Name it Upperdecker decks are made of,"['Natalie_Wood', 'Ellen_Price_Wood', 'wood', 'woods', 'Grant_Wood']"
The original,"['teaser', 'vexer', 'puzzle', 'mystifier', 'tormentor']"
The original teaser only had,['chapter']
The original teaser only had chapters that Pederson made up.,"['tone', 'looking', 'smell']"
The original teaser only had,['chapter']
David Waksman with the beautiful,"['wheel', 'steering_wheel', 'roulette_wheel', 'rack', 'bicycle', 'bike', 'cycle']"
David Waksman with the beautiful wheel,"['standpoint', 'stall', 'stand', 'bandstand', 'sales_booth']"
We didnt even like him! We love her!!!!!! I cant believe she thinks other,"['people', 'citizenry', 'multitude', 'masses', 'mass', 'hoi_polloi', 'the_great_unwashed']"
I am so glad this doesnt use any of that primaris,"['garbage', 'refuse', 'food_waste', 'scraps', 'drivel']"
I am so glad this doesnt use any of that primaris garbage. I cant describe how ecstatic I am that this,"['guy', 'cat', 'guy_wire', 'bozo', 'Guy', 'hombre']"
I am so glad this doesnt use any of that primaris garbage. I cant describe how ecstatic I am that this guy got to retain his,"['way', 'dash', 'panache', 'flair', 'expressive_style', 'elan', 'stylus', 'style', 'trend', 'fashion']"
What a low,"['taproom', 'bar', 'saloon', 'ginmill', 'streak']"
Yall weird acting like katt was being anything but genuine one of the best,"['interview', 'consultation', 'audience']"
“Are you feeling the,"['air_pressure', 'pressure_sensation', 'pressure', 'insistence', 'insistency', 'atmospheric_pressure', 'press']"
“Are you feeling the pressure?” “Of this,"['interview', 'consultation', 'audience']"
“Are you feeling the pressure?” “Of this interview?” “No of,"['living', 'life', 'sustenance', 'aliveness']"
Katt and Theo on,"['turn', 'hitch', 'spell', 'duty_tour', 'circuit', 'go', 'tour', 'enlistment', 'tour_of_duty']"
Katt and Theo on tour would go down as one if the greatest,"['comedy', 'drollery', 'clowning', 'funniness']"
Katt and Theo on tour would go down as one if the greatest comedy,"['go', 'tour_of_duty', 'spell', 'enlistment', 'turn', 'tour']"
Nice to see these two,"['people', 'the_great_unwashed', 'citizenry', 'masses', 'multitude']"
Nice to see these two people in a,"['furore', 'fad', 'craze', 'furor', 'religious_cult', 'cultus', 'rage']"
Nice to see these two people in a cult,"['aid', 'assist', 'assistance', 'help', 'assistant', 'helper', 'supporter', 'avail', 'service']"
oh,"['hoot', 'darn', ""tinker's_dam"", 'red_cent', 'shit']"
I love how the Warhammer devs are active within their,"['community', 'community_of_interests', 'residential_district', 'residential_area', 'biotic_community']"
It makes me so happy to see Katt give Theo his,"['flower', 'heyday', 'bloom', 'flush', 'prime']"
It makes me so happy to see Katt give Theo his flowers. I don’t think Ive seen Katt laugh that hard at,"['someone', 'individual', 'somebody']"
It makes me so happy to see Katt give Theo his flowers. I don’t think Ive seen Katt laugh that hard at someone else’s shit on a podcast. Usually he’s the,['alpha']
It makes me so happy to see Katt give Theo his flowers. I don’t think Ive seen Katt laugh that hard at someone else’s shit on a podcast. Usually he’s the alpha,"['heel', 'click', 'Canis_familiaris']"
It makes me so happy to see Katt give Theo his flowers. I don’t think Ive seen Katt laugh that hard at someone else’s shit on a podcast. Usually he’s the alpha dog and,['today']
It makes me so happy to see Katt give Theo his flowers. I don’t think Ive seen Katt laugh that hard at someone else’s shit on a podcast. Usually he’s the alpha dog and today he shared the,"['lot', 'circle', 'hardening', 'band', 'Seth', 'exercise_set']"
It makes me so happy to see Katt give Theo his flowers. I don’t think Ive seen Katt laugh that hard at someone else’s shit on a podcast. Usually he’s the alpha dog and today he shared the set. I’m so happy for Theo. And as always Katt is the,"['military_personnel', 'piece', 'world', 'man', 'humankind']"
Imagine 100-ton,"['tank_car', 'armoured_combat_vehicle', 'tankful', 'army_tank', 'tank', 'storage_tank']"
Imagine 100-ton tanks going at 150,"['miles_per_hour', 'mph']"
This going to be big Katt Williams Nutcracker right off the,"['chiropteran', 'bat', 'at-bat']"
@WeDoBeLiftin bro doesn’t,['know']
@WeDoBeLiftin bro doesn’t know zombies has a,"['narration', 'floor', 'story', 'chronicle', 'level']"
@WeDoBeLiftin bro doesn’t know zombies has a story,"['note', 'stock', 'blood_line', 'line', 'pipeline', 'product_line', 'descent']"
thank you for your,"['serving', 'help', 'armed_service', 'table_service', 'Robert_William_Service', 'servicing', 'serve', 'religious_service', 'Service', 'avail', 'inspection_and_repair', 'military_service', 'service', 'divine_service', 'overhaul']"
And Katt Williams is just a,"['clown', 'buffoon', 'goof', 'goofball', 'merry_andrew']"
And Katt Williams is just a clown with a,"[""actor's_line"", 'address', 'voice_communication', 'oral_communication', 'speech', 'words']"
And Katt Williams is just a clown with a speech,"['impedimenta', 'deterrent', 'handicap', 'balk', 'obstructer', 'hindrance']"
and taking off,"['one-half', 'half']"
and taking off half of its,"['chief', 'oral_sex', 'pass', 'top_dog', 'headland', 'foreland', 'forefront']"
@dianeblake3645 who is “you all” I’m one,"['person', 'individual', 'someone', 'somebody', 'mortal', 'soul']"
